,TwittID,TextData,TweetCreatedAt,RetweetCount,TweetFavouriteCount,TweetSource,UserID,UserScreenName,UserName,UserCreatedAt,UserDescription,UserDescriptionLength,UserFollowersCount,UserFriendsCount,UserLocation,HttpCount,HashtagCount,MentionCount,TweetCount
0,1120302022908100609,ğŸ’ having sex com real sex on the beach adult chat moldova blonde teen sex free movies nude pics of ginger zee teachâ€¦ https://t.co/dG5wsr1tkd,2019-04-22 12:23:11,0,0,Twitter Web Client,722440246156242946,kolot_50,Gloria,2016-04-19 15:02:31,,0,79,28,,1,0,0,5238
1,1120301917429796864,video adult seduce teen paula zahn tits telford teens nude average naked teens sex videos big dicks and lesbian phoâ€¦ https://t.co/Fg66CO7dPM,2019-04-22 12:22:45,0,0,Twitter Web Client,722440246156242946,kolot_50,Gloria,2016-04-19 15:02:31,,0,79,28,,1,0,0,5238
2,1120301828862877696,ğŸ˜³ girl love in leather pants http teen amaterpron pic am i ready for sex quiz pakistani hot fat girls pictures downâ€¦ https://t.co/zshQPXnUsb,2019-04-22 12:22:24,0,0,Twitter Web Client,722440246156242946,kolot_50,Gloria,2016-04-19 15:02:31,,0,79,28,,1,0,0,5238
3,1120301620019986432,â¤ğŸ™ˆğŸ™ˆ tgp gratis foto tettona hot amateur women tgp sex swingers videos porno freon colombianas con bodybuilder playbâ€¦ https://t.co/B2vqrQQHRP,2019-04-22 12:21:35,0,0,Twitter Web Client,722440246156242946,kolot_50,Gloria,2016-04-19 15:02:31,,0,79,28,,1,0,0,5238
4,1120301452008751106,ğŸ˜ˆğŸ˜¼ girlsandboyshavingsex nude teen actor limbless sex sex girl cams male college coeds with huge penises asian teenâ€¦ https://t.co/ZPKMRzgSYl,2019-04-22 12:20:55,0,0,Twitter Web Client,722440246156242946,kolot_50,Gloria,2016-04-19 15:02:31,,0,79,28,,1,0,0,5238
5,1120301248799019013,ğŸ˜‡ chappell foto nudo adult gated community hollwood videos of sexestsex for online watch nude beach teens side boyzâ€¦ https://t.co/xXWdNnkzqJ,2019-04-22 12:20:06,0,0,Twitter Web Client,722440246156242946,kolot_50,Gloria,2016-04-19 15:02:31,,0,79,28,,1,0,0,5238
6,1120301148177674240,âœŒâ¤â¤ nudebollywoodactresspics chucky porn clit pussy teen thread adult wizard of oz costumes hot andsexysec up girlâ€¦ https://t.co/OdiNaTeqWn,2019-04-22 12:19:42,0,0,Twitter Web Client,722440246156242946,kolot_50,Gloria,2016-04-19 15:02:31,,0,79,28,,1,0,0,5238
7,1120301022667247621,ğŸ˜€âœŒ vedio download sits 14yr girls fuck nude sarah dailey fucking women picture videos mother s day sperm nude photoâ€¦ https://t.co/OTlnUf6PnY,2019-04-22 12:19:12,0,0,Twitter Web Client,722440246156242946,kolot_50,Gloria,2016-04-19 15:02:31,,0,79,28,,1,0,0,5238
8,1120300823479767040,ğŸ’âœŒğŸ˜» porn free gallerie nylon pornstars brother sister porn gif mallu girls naked photos french guiana porn 80's shoâ€¦ https://t.co/8OLqX1StXt,2019-04-22 12:18:25,0,0,Twitter Web Client,722440246156242946,kolot_50,Gloria,2016-04-19 15:02:31,,0,79,28,,1,0,0,5238
9,1120300615383552000,ğŸ˜‡ğŸ˜³âœŒ nude naked chiks in middletown florida girls porn freeolderbbw porn no downloads fingers in pussy jean luc pohoâ€¦ https://t.co/4y1XDPQicL,2019-04-22 12:17:35,0,0,Twitter Web Client,722440246156242946,kolot_50,Gloria,2016-04-19 15:02:31,,0,79,28,,1,0,0,5238
10,1120300424844722181,ğŸ˜€ force squirt xxx longlenth italian school movies japanese squirting orgasm freesexvediosof australiangirl big booâ€¦ https://t.co/iLjo2GsZj8,2019-04-22 12:16:50,0,0,Twitter Web Client,722440246156242946,kolot_50,Gloria,2016-04-19 15:02:31,,0,79,28,,1,0,0,5238
11,1120300271781937153,ğŸ˜€ğŸ™ˆ vedio american men porn xpornvidfree teen naked tits toonporn/hindilanguage stories sexvedio clip images of womeâ€¦ https://t.co/Pen2euK1wp,2019-04-22 12:16:13,0,0,Twitter Web Client,722440246156242946,kolot_50,Gloria,2016-04-19 15:02:31,,0,79,28,,1,0,0,5238
12,1120300069939499008,ğŸ™ˆğŸ˜Š the city male nudity nudewomen bdsm gallery adult book torrents free passed out teens pic adult joke fat countryâ€¦ https://t.co/m3HYjf4mJ0,2019-04-22 12:15:25,0,0,Twitter Web Client,722440246156242946,kolot_50,Gloria,2016-04-19 15:02:31,,0,79,28,,1,0,0,5238
13,1120299957062336512,ğŸ’—ğŸ˜ˆ teacher 1940 hair pussys homemade porn videos for free trini girls sex screaming and fucking getting my women daâ€¦ https://t.co/q6MItdKYgJ,2019-04-22 12:14:58,0,0,Twitter Web Client,722440246156242946,kolot_50,Gloria,2016-04-19 15:02:31,,0,79,28,,1,0,0,5238
14,1120299787625091073,ğŸ˜¼ğŸ˜ˆ cowgirlxxx retopornmovies deepika padukone porn sportsgirls sexy photo gallery pornucopia 3 nudegirl fucked pictâ€¦ https://t.co/yECZhJACkF,2019-04-22 12:14:18,0,0,Twitter Web Client,722440246156242946,kolot_50,Gloria,2016-04-19 15:02:31,,0,79,28,,1,0,0,5238
15,1120299619391610880,ğŸ˜‡â¤ sexly naked youing deaf girl video mobile nude sites nude tender teen guys with adults xvideos squirting porn acâ€¦ https://t.co/LDRLhnRoa1,2019-04-22 12:13:38,0,0,Twitter Web Client,722440246156242946,kolot_50,Gloria,2016-04-19 15:02:31,,0,79,28,,1,0,0,5238
16,1120299519063752706,ğŸ˜¼ğŸ˜‡ğŸ˜‡ reconciliation sex canadian teen sex pics alana blanchard nude pics kostenlos grand theft auto vice city lickinâ€¦ https://t.co/dcS3YlhtRI,2019-04-22 12:13:14,0,0,Twitter Web Client,722440246156242946,kolot_50,Gloria,2016-04-19 15:02:31,,0,79,28,,1,0,0,5238
17,1120299359835426816,ğŸ˜€ ashley graham naked japanese porn nude ovgide porn net sox girl cumshot fkk very young daughter pics andhra cowgiâ€¦ https://t.co/RTGsvf2QI3,2019-04-22 12:12:36,0,0,Twitter Web Client,722440246156242946,kolot_50,Gloria,2016-04-19 15:02:31,,0,79,28,,1,0,0,5238
18,1120299187751485440,ğŸ˜ŠğŸ’— adult chat vintageclipsporn porn hub swallow hottestpinay nude how to get girl to have sex crystal sx black pornâ€¦ https://t.co/h4v1FGWkyK,2019-04-22 12:11:55,0,0,Twitter Web Client,722440246156242946,kolot_50,Gloria,2016-04-19 15:02:31,,0,79,28,,1,0,0,5238
19,1120298985527312384,ğŸ˜» sexiest pakistani lesbian girls porno clips luann comics porn free nude sex videos with young stepmom girlfriendâ€¦ https://t.co/n8YhNPdDes,2019-04-22 12:11:06,0,0,Twitter Web Client,722440246156242946,kolot_50,Gloria,2016-04-19 15:02:31,,0,79,28,,1,0,0,5238
20,1120298859152990208,ğŸ˜ŠğŸ˜€ hairy black pussy indexof giana movies having sex with black men padme amidala cartoonsexvideo teen miss west viâ€¦ https://t.co/LMR7WnGb2w,2019-04-22 12:10:36,0,0,Twitter Web Client,722440246156242946,kolot_50,Gloria,2016-04-19 15:02:31,,0,79,28,,1,0,0,5238
21,1120298736423440385,ğŸ’—ğŸ™ˆ amateurs nude in public elizabeth wong fuck teen video sex audition online sex porn female orgasm teenfuns videoâ€¦ https://t.co/YwDCsmTj4j,2019-04-22 12:10:07,0,0,Twitter Web Client,722440246156242946,kolot_50,Gloria,2016-04-19 15:02:31,,0,79,28,,1,0,0,5238
22,1120298631108726785,ğŸ˜Šâ¤ black porn videos nude fat guy at baker beach photos porn chat live topheavy amatueres chantel galleries fucks bâ€¦ https://t.co/r4PDGUg3lx,2019-04-22 12:09:42,0,0,Twitter Web Client,722440246156242946,kolot_50,Gloria,2016-04-19 15:02:31,,0,79,28,,1,0,0,5238
23,1120298564297666560,ğŸ˜Š nude college girls adult games list filipina teen students dance naked on cam sexy showgirls women teens porn cliâ€¦ https://t.co/5rfrVkYdHB,2019-04-22 12:09:26,0,0,Twitter Web Client,722440246156242946,kolot_50,Gloria,2016-04-19 15:02:31,,0,79,28,,1,0,0,5238
24,1120298396395474946,ğŸ˜˜ğŸ˜ˆğŸ˜Š rosso fake anal wjet tv anchors nude hot waist sister porns adult world group tens nude cebu city naked photosâ€¦ https://t.co/0jN5Gtwppf,2019-04-22 12:08:46,0,0,Twitter Web Client,722440246156242946,kolot_50,Gloria,2016-04-19 15:02:31,,0,79,28,,1,0,0,5238
25,1120298312442220544,ğŸ˜˜ğŸ˜‡ğŸ’ greek free teen sex clip in media ayer naked tease on cock gabrielle christian nude fakes how to have sex bukkaâ€¦ https://t.co/QGfmxUHQhW,2019-04-22 12:08:26,0,0,Twitter Web Client,722440246156242946,kolot_50,Gloria,2016-04-19 15:02:31,,0,79,28,,1,0,0,5238
26,1120298228983971840,ğŸ˜³ğŸ˜»ğŸ˜‡ trinidad grils anale anale teen xxx nudeeastindiangirls mel b naked pictures cheetah and wonder woman porn blacâ€¦ https://t.co/o0KIKk3hRg,2019-04-22 12:08:06,0,0,Twitter Web Client,722440246156242946,kolot_50,Gloria,2016-04-19 15:02:31,,0,79,28,,1,0,0,5238
27,1120298130833137672,ğŸ˜ˆğŸ˜ˆâœŒ dinkley loves anal sex movies my first lesbian sex videos horny nude personel ads dancing girl porn little videâ€¦ https://t.co/ASUl3PPcPr,2019-04-22 12:07:43,0,0,Twitter Web Client,722440246156242946,kolot_50,Gloria,2016-04-19 15:02:31,,0,79,28,,1,0,0,5238
28,1120297942026477569,ğŸ˜Š ehra madrigal nude fake shower stripping nude models videos chinese women nude tgp jesse mccartney fucking free vâ€¦ https://t.co/V6oP2cWGnS,2019-04-22 12:06:58,0,0,Twitter Web Client,722440246156242946,kolot_50,Gloria,2016-04-19 15:02:31,,0,79,28,,1,0,0,5238
29,1120297757703659520,â¤ğŸ˜ˆ elephant manporn clip princess leah porn shannon gunz naked nude white girl naked sex teen kiss hot sexy matureâ€¦ https://t.co/BfxG1ht6xi,2019-04-22 12:06:14,0,0,Twitter Web Client,722440246156242946,kolot_50,Gloria,2016-04-19 15:02:31,,0,79,28,,1,0,0,5238
30,1120295526229053441,"Ebony teen masturbating for first time https://t.co/aOlfCIahGt #BBW, amateur, bbw teen, black, close up, ebony teenâ€¦ https://t.co/yPppEBwD0r",2019-04-22 11:57:22,0,0,IFTTT,861551506633482241,WorshipAdmin,foot-worship.net,2017-05-08 12:01:00,Official https://t.co/xZ2gnHHS4P account. Get latest news and updates of our #footfetish and #femdom site ğŸ˜€   #FootWorshipCommunity,131,2155,706,"Colorado, USA",2,1,0,8283
31,1120295524186447872,"Pump It Up Fat Cow! https://t.co/0H1YhDPosH #BBW, bbw, big tits, brunette, dildo, fat, fingering, masturbation, solo, tattoo, toys",2019-04-22 11:57:21,0,0,IFTTT,861551506633482241,WorshipAdmin,foot-worship.net,2017-05-08 12:01:00,Official https://t.co/xZ2gnHHS4P account. Get latest news and updates of our #footfetish and #femdom site ğŸ˜€   #FootWorshipCommunity,131,2155,706,"Colorado, USA",1,1,0,8283
32,1120295520222707712,"the P.T.A mom gone wild https://t.co/thw34sS3rO #BBW, bbw, big, blowjob, boobs, busty, chubby, chunky, cougar, fuckâ€¦ https://t.co/NxvqdlkWCq",2019-04-22 11:57:20,0,0,IFTTT,861551506633482241,WorshipAdmin,foot-worship.net,2017-05-08 12:01:00,Official https://t.co/xZ2gnHHS4P account. Get latest news and updates of our #footfetish and #femdom site ğŸ˜€   #FootWorshipCommunity,131,2155,706,"Colorado, USA",2,1,0,8283
33,1120281987858739200,"Cutepornstar- Indian CD Alia masturbating big cock, Sissy hot crossdresser https://t.co/qKAdqgb1j8 #Shemale, alia câ€¦ https://t.co/PY8Fy13wpk",2019-04-22 11:03:34,0,0,IFTTT,861551506633482241,WorshipAdmin,foot-worship.net,2017-05-08 12:01:00,Official https://t.co/xZ2gnHHS4P account. Get latest news and updates of our #footfetish and #femdom site ğŸ˜€   #FootWorshipCommunity,131,2155,706,"Colorado, USA",2,1,0,8283
34,1120281986063577088,"Shemale White Skin, Sexy, Sex, Love, Yoga, Masturbation, Sexo, Anal, Oral https://t.co/3oJjZAi86K #Shemale, anal, bâ€¦ https://t.co/shG53npbPW",2019-04-22 11:03:33,0,0,IFTTT,861551506633482241,WorshipAdmin,foot-worship.net,2017-05-08 12:01:00,Official https://t.co/xZ2gnHHS4P account. Get latest news and updates of our #footfetish and #femdom site ğŸ˜€   #FootWorshipCommunity,131,2155,706,"Colorado, USA",2,1,0,8283
35,1120281983987474432,"Best Sex RPG Best 3D Compilation Mind BLOWING free printable https://t.co/SDWrdMA02b #Shemale, 3d cartoon, 3d hentaâ€¦ https://t.co/nPRuopEBcy",2019-04-22 11:03:33,0,0,IFTTT,861551506633482241,WorshipAdmin,foot-worship.net,2017-05-08 12:01:00,Official https://t.co/xZ2gnHHS4P account. Get latest news and updates of our #footfetish and #femdom site ğŸ˜€   #FootWorshipCommunity,131,2155,706,"Colorado, USA",2,1,0,8283
36,1120264018160181248,"Lomp whipping and caning https://t.co/yMVMvUT8PS #BDSM, whipping",2019-04-22 09:52:10,0,0,IFTTT,861551506633482241,WorshipAdmin,foot-worship.net,2017-05-08 12:01:00,Official https://t.co/xZ2gnHHS4P account. Get latest news and updates of our #footfetish and #femdom site ğŸ˜€   #FootWorshipCommunity,131,2155,706,"Colorado, USA",1,1,0,8283
37,1120264014980878336,"German BDSM â€“ BDSM und Arsch leck Session im Fetisch Club fÃ¼r Teen Kitty https://t.co/3jsczPkR8v #BDSM, bdsm, club, german, teen",2019-04-22 09:52:09,0,0,IFTTT,861551506633482241,WorshipAdmin,foot-worship.net,2017-05-08 12:01:00,Official https://t.co/xZ2gnHHS4P account. Get latest news and updates of our #footfetish and #femdom site ğŸ˜€   #FootWorshipCommunity,131,2155,706,"Colorado, USA",1,1,0,8283
38,1120264012921483264,"Homemade BDSM https://t.co/WXHnwCGiLO #BDSM, bdsm, homemade",2019-04-22 09:52:08,0,0,IFTTT,861551506633482241,WorshipAdmin,foot-worship.net,2017-05-08 12:01:00,Official https://t.co/xZ2gnHHS4P account. Get latest news and updates of our #footfetish and #femdom site ğŸ˜€   #FootWorshipCommunity,131,2155,706,"Colorado, USA",1,1,0,8283
39,1120249020918771713,"Homemade amateur swingers wife sharing orgy https://t.co/OQh8YHXtZT #Gangbang, amateur, amateur wife sharing, blowjâ€¦ https://t.co/9xj3JTB3h7",2019-04-22 08:52:34,0,0,IFTTT,861551506633482241,WorshipAdmin,foot-worship.net,2017-05-08 12:01:00,Official https://t.co/xZ2gnHHS4P account. Get latest news and updates of our #footfetish and #femdom site ğŸ˜€   #FootWorshipCommunity,131,2155,706,"Colorado, USA",2,1,0,8283
40,1120249018947395584,"sissy gets fucked then bukkake https://t.co/Pb6eFX771z #Gangbang, bukkake, cd, crossdresser, cum, cumshot, fucked,â€¦ https://t.co/r8Y7fgodbP",2019-04-22 08:52:33,0,0,IFTTT,861551506633482241,WorshipAdmin,foot-worship.net,2017-05-08 12:01:00,Official https://t.co/xZ2gnHHS4P account. Get latest news and updates of our #footfetish and #femdom site ğŸ˜€   #FootWorshipCommunity,131,2155,706,"Colorado, USA",2,1,0,8283
41,1120249016963432448,"Play Home â€“ Misaka Mikoto Hentai https://t.co/CSnZt1nMgt #Gangbang, 3d, anime, blowjob, cg, gangbang, hentai, illusâ€¦ https://t.co/hqn0aRJ4kw",2019-04-22 08:52:33,0,0,IFTTT,861551506633482241,WorshipAdmin,foot-worship.net,2017-05-08 12:01:00,Official https://t.co/xZ2gnHHS4P account. Get latest news and updates of our #footfetish and #femdom site ğŸ˜€   #FootWorshipCommunity,131,2155,706,"Colorado, USA",2,1,0,8283
42,1120234084054204418,"Slapped and Used slut https://t.co/Vf7K6FHDgA #Gangbang, anal, ass fuck, blonde, brutal, choke, extreme, facefuck,â€¦ https://t.co/IPAwLxXPBR",2019-04-22 07:53:13,0,0,IFTTT,861551506633482241,WorshipAdmin,foot-worship.net,2017-05-08 12:01:00,Official https://t.co/xZ2gnHHS4P account. Get latest news and updates of our #footfetish and #femdom site ğŸ˜€   #FootWorshipCommunity,131,2155,706,"Colorado, USA",2,1,0,8283
43,1120234038273376257,"German slut takes a piss on a train https://t.co/qxubvAwFko #Gangbang, european, german amateur, kink, old, pissing in public, public",2019-04-22 07:53:02,0,0,IFTTT,861551506633482241,WorshipAdmin,foot-worship.net,2017-05-08 12:01:00,Official https://t.co/xZ2gnHHS4P account. Get latest news and updates of our #footfetish and #femdom site ğŸ˜€   #FootWorshipCommunity,131,2155,706,"Colorado, USA",1,1,0,8283
44,1120234032900595712,"Merry4Fun â€“ BUKKAKE PARTY â€“ Thanx everyone who was there! https://t.co/JzByyJ9r0O #Gangbang, amateur, blowjob, fuck, german, groupsex, sperm",2019-04-22 07:53:01,0,0,IFTTT,861551506633482241,WorshipAdmin,foot-worship.net,2017-05-08 12:01:00,Official https://t.co/xZ2gnHHS4P account. Get latest news and updates of our #footfetish and #femdom site ğŸ˜€   #FootWorshipCommunity,131,2155,706,"Colorado, USA",1,1,0,8283
45,1120221460356849665,"Busty Mason Moore Anal Fucked By Black Cock https://t.co/DXDiGGNf2V #Squirt, anal, ass fuck, bbc, bdsm, big boobs,â€¦ https://t.co/R5LE6EvvJx",2019-04-22 07:03:03,0,0,IFTTT,861551506633482241,WorshipAdmin,foot-worship.net,2017-05-08 12:01:00,Official https://t.co/xZ2gnHHS4P account. Get latest news and updates of our #footfetish and #femdom site ğŸ˜€   #FootWorshipCommunity,131,2155,706,"Colorado, USA",2,1,0,8283
46,1120221458687512576,"Asian squirting https://t.co/xQI6oCrAj9 #Squirt, amateur, asian, babe, blowjob, brunette, close up, cumshot, doggysâ€¦ https://t.co/gRer0vLSBa",2019-04-22 07:03:03,0,0,IFTTT,861551506633482241,WorshipAdmin,foot-worship.net,2017-05-08 12:01:00,Official https://t.co/xZ2gnHHS4P account. Get latest news and updates of our #footfetish and #femdom site ğŸ˜€   #FootWorshipCommunity,131,2155,706,"Colorado, USA",2,1,0,8283
47,1120221456758136832,"My-ex girlfriend is still fucking horny for my cock https://t.co/FKFEKTkS8K #Squirt, amateur, ass fuck, babe, blowjâ€¦ https://t.co/eH9U7DZ2jp",2019-04-22 07:03:02,0,0,IFTTT,861551506633482241,WorshipAdmin,foot-worship.net,2017-05-08 12:01:00,Official https://t.co/xZ2gnHHS4P account. Get latest news and updates of our #footfetish and #femdom site ğŸ˜€   #FootWorshipCommunity,131,2155,706,"Colorado, USA",2,1,0,8283
48,1120203658585628672,"Pantyhose feet cummed on https://t.co/MeNRMKRDoT #Footjob, feet, pantyhose",2019-04-22 05:52:19,1,1,IFTTT,861551506633482241,WorshipAdmin,foot-worship.net,2017-05-08 12:01:00,Official https://t.co/xZ2gnHHS4P account. Get latest news and updates of our #footfetish and #femdom site ğŸ˜€   #FootWorshipCommunity,131,2155,706,"Colorado, USA",1,1,0,8283
49,1120203655641280513,"Darryl Hanah feet https://t.co/siHGdf3Yps #Footjob, feet",2019-04-22 05:52:18,1,2,IFTTT,861551506633482241,WorshipAdmin,foot-worship.net,2017-05-08 12:01:00,Official https://t.co/xZ2gnHHS4P account. Get latest news and updates of our #footfetish and #femdom site ğŸ˜€   #FootWorshipCommunity,131,2155,706,"Colorado, USA",1,1,0,8283
50,1120203652185174016,"The doctor of foot fucking Jayden Jaymes https://t.co/v9AkrItOtL #Footjob, doctor, foot, fucking, jayden, jayden jaymes, jaymes",2019-04-22 05:52:17,1,1,IFTTT,861551506633482241,WorshipAdmin,foot-worship.net,2017-05-08 12:01:00,Official https://t.co/xZ2gnHHS4P account. Get latest news and updates of our #footfetish and #femdom site ğŸ˜€   #FootWorshipCommunity,131,2155,706,"Colorado, USA",1,1,0,8283
51,1120188523229929473,"FUCKING MY CREAMY PUSSY-420-LUSTY LAVISH https://t.co/JdvtxWhJeK #BBW, bbw latina, bbw smoking, big booty, big bootâ€¦ https://t.co/ed2X4gspdn",2019-04-22 04:52:10,0,1,IFTTT,861551506633482241,WorshipAdmin,foot-worship.net,2017-05-08 12:01:00,Official https://t.co/xZ2gnHHS4P account. Get latest news and updates of our #footfetish and #femdom site ğŸ˜€   #FootWorshipCommunity,131,2155,706,"Colorado, USA",2,1,0,8283
52,1120188521526984704,"indian office great fuck scandal caught in the camera bymanager Shweta aror https://t.co/24XhZFLyV6 #BBW, anal pornâ€¦ https://t.co/XpROqaDQfX",2019-04-22 04:52:10,0,0,IFTTT,861551506633482241,WorshipAdmin,foot-worship.net,2017-05-08 12:01:00,Official https://t.co/xZ2gnHHS4P account. Get latest news and updates of our #footfetish and #femdom site ğŸ˜€   #FootWorshipCommunity,131,2155,706,"Colorado, USA",2,1,0,8283
53,1120188518708535296,"White BBW gets fucked by guy in a fursuit https://t.co/qpEmeMPizy #BBW, bbw, big ass, big tits, doggystyle, furry, fursuit",2019-04-22 04:52:09,0,0,IFTTT,861551506633482241,WorshipAdmin,foot-worship.net,2017-05-08 12:01:00,Official https://t.co/xZ2gnHHS4P account. Get latest news and updates of our #footfetish and #femdom site ğŸ˜€   #FootWorshipCommunity,131,2155,706,"Colorado, USA",1,1,0,8283
54,1120174764843126789,"Poppers, solo anal dildo https://t.co/EBgKqDwqMb #Shemale, anal, dildo, poppers, shemale, solo, toy",2019-04-22 03:57:30,0,0,IFTTT,861551506633482241,WorshipAdmin,foot-worship.net,2017-05-08 12:01:00,Official https://t.co/xZ2gnHHS4P account. Get latest news and updates of our #footfetish and #femdom site ğŸ˜€   #FootWorshipCommunity,131,2155,706,"Colorado, USA",1,1,0,8283
55,1120174760925773824,"Sissygasm anal cumming, prostate milking, everyday training sissy #3 https://t.co/Iua1eAMBOd #Shemale, adult toys,â€¦ https://t.co/UCFiUQqJfF",2019-04-22 03:57:29,0,0,IFTTT,861551506633482241,WorshipAdmin,foot-worship.net,2017-05-08 12:01:00,Official https://t.co/xZ2gnHHS4P account. Get latest news and updates of our #footfetish and #femdom site ğŸ˜€   #FootWorshipCommunity,131,2155,706,"Colorado, USA",2,2,0,8283
56,1120174756815355904,"fist time my video https://t.co/EcWIgawmiP #Shemale, dildo ride, first time anal, ladyboy, shemale, teenager, transgender, young",2019-04-22 03:57:28,0,0,IFTTT,861551506633482241,WorshipAdmin,foot-worship.net,2017-05-08 12:01:00,Official https://t.co/xZ2gnHHS4P account. Get latest news and updates of our #footfetish and #femdom site ğŸ˜€   #FootWorshipCommunity,131,2155,706,"Colorado, USA",1,1,0,8283
57,1120159631530131457,"Asphyxiated BDSM sub ass caned on all four https://t.co/EGiyfzqgfW #BDSM, ass, bdsm",2019-04-22 02:57:22,0,0,IFTTT,861551506633482241,WorshipAdmin,foot-worship.net,2017-05-08 12:01:00,Official https://t.co/xZ2gnHHS4P account. Get latest news and updates of our #footfetish and #femdom site ğŸ˜€   #FootWorshipCommunity,131,2155,706,"Colorado, USA",1,1,0,8283
58,1120159628329877505,"BDSM slut bound to floor and whipped https://t.co/y37LehmwUG #BDSM, bdsm, bound, floor, slut, whipped",2019-04-22 02:57:21,0,0,IFTTT,861551506633482241,WorshipAdmin,foot-worship.net,2017-05-08 12:01:00,Official https://t.co/xZ2gnHHS4P account. Get latest news and updates of our #footfetish and #femdom site ğŸ˜€   #FootWorshipCommunity,131,2155,706,"Colorado, USA",1,1,0,8283
59,1120159625133920256,"Bdsm ass to mouth for teen and mom https://t.co/cbqQ29wXWV #BDSM, ass, ass to mouth, bdsm, mom, mouth, teen",2019-04-22 02:57:20,0,0,IFTTT,861551506633482241,WorshipAdmin,foot-worship.net,2017-05-08 12:01:00,Official https://t.co/xZ2gnHHS4P account. Get latest news and updates of our #footfetish and #femdom site ğŸ˜€   #FootWorshipCommunity,131,2155,706,"Colorado, USA",1,1,0,8283
60,1120295516372291584,"ä»¥å‰ãŠçŸ¥ã‚‰ã›ã—ãŸé€šã‚Šã€24æ—¥ã‹ã‚‰æš«ãã®é–“è²©å£²ã‚’ãŠä¼‘ã¿ã„ãŸã—ã¾ã™ã€‚ã‚‚ã—è³¼å…¥ã‚’ã”æ¤œè¨é ‚ã„ã¦ã„ã‚‹ã‚‚ã®ãŒã‚ã‚Šã¾ã—ãŸã‚‰æ˜æ—¥ä¸­ã«ã”æ³¨æ–‡ã‚’ãŠé¡˜ã„ã„ãŸã—ã¾ã™ğŸ’¦

 ç©ºé›…(Cougar/ãã‚‰ã¿ã‚„ã³)'S GALLERYâ€¦ https://t.co/zeVxGEVmnT",2019-04-22 11:57:19,0,0,Twitter for Android,1107638239760793605,CougarSora,ç©ºé›…(Cougar/ãã‚‰ã¿ã‚„ã³)@ãƒŸãƒªã‚¿ãƒªãƒ¼å¥½ã,2019-03-18 13:41:50,"éŠƒã¨èŠ±ã€ãã‚Œã‹ã‚‰ä»–ã«ã‚‚å¥½ããªã‚‚ã®ãŒãŸãã•ã‚“ã€‚ãƒŸãƒªã‚¿ãƒªãƒ¼ãƒ¢ãƒãƒ¼ãƒ•ã®ä»–ã€ãªã‚“ã‹ä¸­äºŒç—…ã£ã½ã„ã‚‚ã®ä½œã£ãŸã‚Šã€ã‹ã¨æ€ãˆã°æ°´å¼•ç´°å·¥ã§éŠã‚“ã§ã¿ãŸã‚Šã€‚è‡ªç”±ã€‚
2019/3/18~minneå‡ºå“ä¸­ã§ã™â†’https://t.co/Yx4EoHPvxh",115,26,41,,1,0,0,119
61,1120293760120709120,"RT @jyakkan4679: ğŸãƒ—ãƒ¬ã‚¼ãƒ³ãƒˆä¼ç”»ğŸ

çŒ«ã¨ãƒ”ã‚¢ãƒã®ãƒãƒ«ãƒãƒ¬ã‚¶ãƒ¼ã‚±ãƒ¼ã‚¹
éå£²å“ï¼ˆNostalgiaãƒ¢ãƒ‡ãƒ«ï¼‰
ãƒŒãƒ¡é©ã‚’åŠå¹´ã‚¨ã‚¤ã‚¸ãƒ³ã‚°ã—ã¦ä½œã‚Šã¾ã—ãŸã€‚

æŠ½é¸ã§ãƒ—ãƒ¬ã‚¼ãƒ³ãƒˆã—ã¾ã™ã€‚

å¿œå‹Ÿã¯ãƒ•ã‚©ãƒ­ãƒ¼&amp;RTï¼
ç· åˆ‡ã¯4æœˆ26æ—¥ã¾ã§ã€‚

æ²¢å±±ã®å‚åŠ ã€ãŠå¾…ã¡ã—ã¦ã„ã¾ã™ï¼ hâ€¦",2019-04-22 11:50:21,301,0,Twitter for Android,1107638239760793605,CougarSora,ç©ºé›…(Cougar/ãã‚‰ã¿ã‚„ã³)@ãƒŸãƒªã‚¿ãƒªãƒ¼å¥½ã,2019-03-18 13:41:50,"éŠƒã¨èŠ±ã€ãã‚Œã‹ã‚‰ä»–ã«ã‚‚å¥½ããªã‚‚ã®ãŒãŸãã•ã‚“ã€‚ãƒŸãƒªã‚¿ãƒªãƒ¼ãƒ¢ãƒãƒ¼ãƒ•ã®ä»–ã€ãªã‚“ã‹ä¸­äºŒç—…ã£ã½ã„ã‚‚ã®ä½œã£ãŸã‚Šã€ã‹ã¨æ€ãˆã°æ°´å¼•ç´°å·¥ã§éŠã‚“ã§ã¿ãŸã‚Šã€‚è‡ªç”±ã€‚
2019/3/18~minneå‡ºå“ä¸­ã§ã™â†’https://t.co/Yx4EoHPvxh",115,26,41,,0,0,1,119
62,1119921240620199937,"åŒã˜ãƒ¢ãƒãƒ¼ãƒ•ã§æƒãˆãŸã‚³ãƒ¼ãƒ‡ã¯ã©ã†ã§ã—ã‚‡ã†ã‹ğŸŒ¹

éŠƒã¨è–”è–‡ã®ã‚¤ãƒ¤ãƒ¼ã‚«ãƒ•&amp;å¼¾ä¸¸ã®ã‚¤ãƒ¤ãƒªãƒ³ã‚°/ãƒ”ã‚¢ã‚¹ https://t.co/TLgh0BTH6S
å¼¾ä¸¸ã¨è–”è–‡ã®ãƒ™ãƒ«ãƒ™ãƒƒãƒˆãƒãƒ§ãƒ¼ã‚«ãƒ¼  https://t.co/BquU2tXu5zâ€¦ https://t.co/U8ksqjHOGP",2019-04-21 11:10:05,2,8,Twitter for Android,1107638239760793605,CougarSora,ç©ºé›…(Cougar/ãã‚‰ã¿ã‚„ã³)@ãƒŸãƒªã‚¿ãƒªãƒ¼å¥½ã,2019-03-18 13:41:50,"éŠƒã¨èŠ±ã€ãã‚Œã‹ã‚‰ä»–ã«ã‚‚å¥½ããªã‚‚ã®ãŒãŸãã•ã‚“ã€‚ãƒŸãƒªã‚¿ãƒªãƒ¼ãƒ¢ãƒãƒ¼ãƒ•ã®ä»–ã€ãªã‚“ã‹ä¸­äºŒç—…ã£ã½ã„ã‚‚ã®ä½œã£ãŸã‚Šã€ã‹ã¨æ€ãˆã°æ°´å¼•ç´°å·¥ã§éŠã‚“ã§ã¿ãŸã‚Šã€‚è‡ªç”±ã€‚
2019/3/18~minneå‡ºå“ä¸­ã§ã™â†’https://t.co/Yx4EoHPvxh",115,26,41,,3,0,0,119
63,1119612715972956160,Twitterã§è‰²ã‚“ãªä½œå®¶ã•ã‚“ã®ä½œå“è¦‹ã¦ã‚‹ã¨ç‰‡ã£ç«¯ã‹ã‚‰ãŠè¿ãˆã—ãŸããªã‚‹â€¦â€¦å®¶ã®è£ã«é‡‘ã®æ¹§ãç«¹ãŒç”Ÿãˆã¦ã“ã‚“ã‹ãªâ€¦â€¦,2019-04-20 14:44:07,0,1,Twitter for Android,1107638239760793605,CougarSora,ç©ºé›…(Cougar/ãã‚‰ã¿ã‚„ã³)@ãƒŸãƒªã‚¿ãƒªãƒ¼å¥½ã,2019-03-18 13:41:50,"éŠƒã¨èŠ±ã€ãã‚Œã‹ã‚‰ä»–ã«ã‚‚å¥½ããªã‚‚ã®ãŒãŸãã•ã‚“ã€‚ãƒŸãƒªã‚¿ãƒªãƒ¼ãƒ¢ãƒãƒ¼ãƒ•ã®ä»–ã€ãªã‚“ã‹ä¸­äºŒç—…ã£ã½ã„ã‚‚ã®ä½œã£ãŸã‚Šã€ã‹ã¨æ€ãˆã°æ°´å¼•ç´°å·¥ã§éŠã‚“ã§ã¿ãŸã‚Šã€‚è‡ªç”±ã€‚
2019/3/18~minneå‡ºå“ä¸­ã§ã™â†’https://t.co/Yx4EoHPvxh",115,26,41,,0,0,0,119
64,1119581033513381888,"æ°—ãŒä»˜ã„ãŸã‚‰Fantasy Bullet(æ·±æµ·)ãŒã‚¢ã‚¯ã‚»ã‚¹æ•°ãƒˆãƒƒãƒ—ã«ãªã£ã¦ã¾ã—ãŸï¼çš†æ§˜é–²è¦§ã‚ã‚ŠãŒã¨ã†ã”ã–ã„ã¾ã™ğŸ˜Œã©ã‚“ã©ã‚“ã‚·ãƒªãƒ¼ã‚ºåŒ–ã—ã¦ã„ã‘ãŸã‚‰ãªâ€¦â€¦ã¨æ€ã£ã¦ã¾ã™ã®ã§ã‚ˆã‚ã—ããŠé¡˜ã„ã—ã¾ã™ï¼

#minne
#ãƒ¬ã‚¸ãƒ³
#ãƒãƒ³ãƒ‰ãƒ¡ã‚¤ãƒ‰â€¦ https://t.co/ofv5beBRmL",2019-04-20 12:38:13,1,10,Twitter for Android,1107638239760793605,CougarSora,ç©ºé›…(Cougar/ãã‚‰ã¿ã‚„ã³)@ãƒŸãƒªã‚¿ãƒªãƒ¼å¥½ã,2019-03-18 13:41:50,"éŠƒã¨èŠ±ã€ãã‚Œã‹ã‚‰ä»–ã«ã‚‚å¥½ããªã‚‚ã®ãŒãŸãã•ã‚“ã€‚ãƒŸãƒªã‚¿ãƒªãƒ¼ãƒ¢ãƒãƒ¼ãƒ•ã®ä»–ã€ãªã‚“ã‹ä¸­äºŒç—…ã£ã½ã„ã‚‚ã®ä½œã£ãŸã‚Šã€ã‹ã¨æ€ãˆã°æ°´å¼•ç´°å·¥ã§éŠã‚“ã§ã¿ãŸã‚Šã€‚è‡ªç”±ã€‚
2019/3/18~minneå‡ºå“ä¸­ã§ã™â†’https://t.co/Yx4EoHPvxh",115,26,41,,1,3,0,119
65,1119196861703659520,"RT @BELINDA_by_Mo2: ã‚²ãƒªãƒ©ãƒ—ãƒ¬ã‚¼ãƒ³ãƒˆä¼ç”»âœ¨ğŸ

å¤§äººã£ã½ã„ãŠè‰²ã®ç´«é™½èŠ±ãƒ”ã‚¢ã‚¹orã‚¤ãƒ¤ãƒªãƒ³ã‚°ã‚’1åæ§˜ã«ãƒ—ãƒ¬ã‚¼ãƒ³ãƒˆï¼

âœ”ï¸å¿œå‹Ÿæ–¹æ³•ã¯ã€
RT &amp; ãƒ•ã‚©ãƒ­ãƒ¼ ã§å®Œäº†ã§ã™âœ¨

âœ”ï¸ç· ã‚åˆ‡ã‚Šã¯ã€
4æœˆ21æ—¥(åœŸ) ã¾ã§ï¼

ã”è³¼å…¥ã¯ã“ã¡ã‚‰ã‹ã‚‰ğŸ‘‡
BELINDA'Sâ€¦",2019-04-19 11:11:40,163,0,Twitter for Android,1107638239760793605,CougarSora,ç©ºé›…(Cougar/ãã‚‰ã¿ã‚„ã³)@ãƒŸãƒªã‚¿ãƒªãƒ¼å¥½ã,2019-03-18 13:41:50,"éŠƒã¨èŠ±ã€ãã‚Œã‹ã‚‰ä»–ã«ã‚‚å¥½ããªã‚‚ã®ãŒãŸãã•ã‚“ã€‚ãƒŸãƒªã‚¿ãƒªãƒ¼ãƒ¢ãƒãƒ¼ãƒ•ã®ä»–ã€ãªã‚“ã‹ä¸­äºŒç—…ã£ã½ã„ã‚‚ã®ä½œã£ãŸã‚Šã€ã‹ã¨æ€ãˆã°æ°´å¼•ç´°å·¥ã§éŠã‚“ã§ã¿ãŸã‚Šã€‚è‡ªç”±ã€‚
2019/3/18~minneå‡ºå“ä¸­ã§ã™â†’https://t.co/Yx4EoHPvxh",115,26,41,,0,0,1,119
66,1119196620770250752,"æ–°ä½œâ€¦â€¦ã¨ã„ã†ã‹ã€å…ˆæ—¥ã„ã¨ã“ã«ãƒ—ãƒ¬ã‚¼ãƒ³ãƒˆã—ãŸãƒ”ã‚¢ã‚¹ã€ã‹ãªã‚Šå–œã‚“ã§ã‚‚ã‚‰ãˆãŸã®ã§ã€åŒã˜ãƒ‡ã‚¶ã‚¤ãƒ³ã®ã‚‚ã®ã‚’ã‚®ãƒ£ãƒ©ãƒªãƒ¼ã«ç½®ã„ã¦ã¿ã¾ã—ãŸï¼ãŠæ±‚ã‚ã‚„ã™ã„ä¾¡æ ¼ã«ãªã£ã¦ã¾ã™ã®ã§æ™®æ®µä½¿ã„ã«ã©ã†ãğŸŒ¸

#minne
#æ°´å¼•
#ãƒãƒ³ãƒ‰ãƒ¡ã‚¤ãƒ‰â€¦ https://t.co/FBGBqc5SI7",2019-04-19 11:10:42,2,9,Twitter for Android,1107638239760793605,CougarSora,ç©ºé›…(Cougar/ãã‚‰ã¿ã‚„ã³)@ãƒŸãƒªã‚¿ãƒªãƒ¼å¥½ã,2019-03-18 13:41:50,"éŠƒã¨èŠ±ã€ãã‚Œã‹ã‚‰ä»–ã«ã‚‚å¥½ããªã‚‚ã®ãŒãŸãã•ã‚“ã€‚ãƒŸãƒªã‚¿ãƒªãƒ¼ãƒ¢ãƒãƒ¼ãƒ•ã®ä»–ã€ãªã‚“ã‹ä¸­äºŒç—…ã£ã½ã„ã‚‚ã®ä½œã£ãŸã‚Šã€ã‹ã¨æ€ãˆã°æ°´å¼•ç´°å·¥ã§éŠã‚“ã§ã¿ãŸã‚Šã€‚è‡ªç”±ã€‚
2019/3/18~minneå‡ºå“ä¸­ã§ã™â†’https://t.co/Yx4EoHPvxh",115,26,41,,1,3,0,119
67,1118856887426932741,ã”é€£çµ¡ã§ã™ã€‚4/24ã€œ5/12ã®é–“ã€æœ¬æ¥­ãŒå¿™ã—ããªã‚‹ãŸã‚ã€èª ã«å‹æ‰‹ãªãŒã‚‰è²©å£²åŠã³ç™ºé€ã‚’ãŠä¼‘ã¿ã•ã›ã¦ã„ãŸã ãã¾ã™ã€‚ã‚ˆã‚ã—ããŠé¡˜ã„ã„ãŸã—ã¾ã™ã€‚ã‚‚ã—ã€å½“æ–¹ã®ä½œå“è³¼å…¥ã‚’ã”æ¤œè¨ä¸­ã®æ–¹ã¯ã€4/23ã„ã£ã±ã„ã¾ã§ã«ã”æ³¨æ–‡ã‚’ãŠé¡˜ã„ã„ãŸã—ã¾ã™ã€‚â€»å†ã‚ªâ€¦ https://t.co/B0M4nJylph,2019-04-18 12:40:43,0,1,Twitter for Android,1107638239760793605,CougarSora,ç©ºé›…(Cougar/ãã‚‰ã¿ã‚„ã³)@ãƒŸãƒªã‚¿ãƒªãƒ¼å¥½ã,2019-03-18 13:41:50,"éŠƒã¨èŠ±ã€ãã‚Œã‹ã‚‰ä»–ã«ã‚‚å¥½ããªã‚‚ã®ãŒãŸãã•ã‚“ã€‚ãƒŸãƒªã‚¿ãƒªãƒ¼ãƒ¢ãƒãƒ¼ãƒ•ã®ä»–ã€ãªã‚“ã‹ä¸­äºŒç—…ã£ã½ã„ã‚‚ã®ä½œã£ãŸã‚Šã€ã‹ã¨æ€ãˆã°æ°´å¼•ç´°å·¥ã§éŠã‚“ã§ã¿ãŸã‚Šã€‚è‡ªç”±ã€‚
2019/3/18~minneå‡ºå“ä¸­ã§ã™â†’https://t.co/Yx4EoHPvxh",115,26,41,,1,0,0,119
68,1118851730362421248,ãã‚Œã‹ã‚‰ã€ã¾ãŸã¾ãŸç™¾é¬¼å ‚(@hyakkido_aruji)æ§˜ã®ä½œå“ã‚’ãŠè¿ãˆã•ã›ã¦ã„ãŸã ãã¾ã—ãŸï¼ç´ æ•µãªä½œå“ã‚’ã‚ã‚ŠãŒã¨ã†ã”ã–ã„ã¾ã™ï¼ç¶ºéº—ãªéŠ…(è‰²)ã®ç°ªã§ã™âœ¨å½“æ–¹ç°ªã®ä½¿ã„æ–¹ãŒä¸‹æ‰‹ãªã®ã§ä¸€åˆ»ã‚‚æ—©ãç·´ç¿’ã—ãªãã¦ã¯â€¦â€¦ãã—ã¦ã“ã®ãƒã‚¤ãƒ‘ãƒ¼ãŠæ´’â€¦ https://t.co/twdcPbKrDS,2019-04-18 12:20:14,2,12,Twitter for Android,1107638239760793605,CougarSora,ç©ºé›…(Cougar/ãã‚‰ã¿ã‚„ã³)@ãƒŸãƒªã‚¿ãƒªãƒ¼å¥½ã,2019-03-18 13:41:50,"éŠƒã¨èŠ±ã€ãã‚Œã‹ã‚‰ä»–ã«ã‚‚å¥½ããªã‚‚ã®ãŒãŸãã•ã‚“ã€‚ãƒŸãƒªã‚¿ãƒªãƒ¼ãƒ¢ãƒãƒ¼ãƒ•ã®ä»–ã€ãªã‚“ã‹ä¸­äºŒç—…ã£ã½ã„ã‚‚ã®ä½œã£ãŸã‚Šã€ã‹ã¨æ€ãˆã°æ°´å¼•ç´°å·¥ã§éŠã‚“ã§ã¿ãŸã‚Šã€‚è‡ªç”±ã€‚
2019/3/18~minneå‡ºå“ä¸­ã§ã™â†’https://t.co/Yx4EoHPvxh",115,26,41,,1,0,0,119
69,1118846778609061888,"å¼¾ä¸¸ã¨è–”è–‡ã®ãƒ™ãƒ«ãƒ™ãƒƒãƒˆãƒãƒ§ãƒ¼ã‚«ãƒ¼ãŒã¯ã˜ã‚ã¦ãŠæ°—ã«å…¥ã‚Šç™»éŒ²ã•ã‚Œã¾ã—ãŸï¼

ã‚€ã€æ—©é€Ÿã®ãŠæ°—ã«å…¥ã‚Šç™»éŒ²ã‚ã‚ŠãŒã¨ã†ã”ã–ã„ã¾ã™ğŸŒ¹ https://t.co/2JR90nmfso #minne_fav",2019-04-18 12:00:33,0,1,Twitter for Android,1107638239760793605,CougarSora,ç©ºé›…(Cougar/ãã‚‰ã¿ã‚„ã³)@ãƒŸãƒªã‚¿ãƒªãƒ¼å¥½ã,2019-03-18 13:41:50,"éŠƒã¨èŠ±ã€ãã‚Œã‹ã‚‰ä»–ã«ã‚‚å¥½ããªã‚‚ã®ãŒãŸãã•ã‚“ã€‚ãƒŸãƒªã‚¿ãƒªãƒ¼ãƒ¢ãƒãƒ¼ãƒ•ã®ä»–ã€ãªã‚“ã‹ä¸­äºŒç—…ã£ã½ã„ã‚‚ã®ä½œã£ãŸã‚Šã€ã‹ã¨æ€ãˆã°æ°´å¼•ç´°å·¥ã§éŠã‚“ã§ã¿ãŸã‚Šã€‚è‡ªç”±ã€‚
2019/3/18~minneå‡ºå“ä¸­ã§ã™â†’https://t.co/Yx4EoHPvxh",115,26,41,,1,1,0,119
70,1118842556580687872,"æ–°ä½œã§ã™ï¼è©¦ä½œã—ã¦ãŸãƒãƒ§ãƒ¼ã‚«ãƒ¼ãŒå®Œæˆã—ã¾ã—ãŸğŸŒ¹
ã€å¼¾ä¸¸ã¨è–”è–‡ã®ãƒ™ãƒ«ãƒ™ãƒƒãƒˆãƒãƒ§ãƒ¼ã‚«ãƒ¼ã€
ã‚¢ã‚¤ã‚³ãƒ³ã®ã‚¤ãƒ¤ãƒ¼ã‚«ãƒ•ã¨æƒã„ã§ä»˜ã‘ã¦ã‚‚ã„ã„æ„Ÿã˜ã«ãªã‚‹ãƒ‡ã‚¶ã‚¤ãƒ³ã«ä»•ä¸ŠãŒã£ãŸâ€¦â€¦ã¯ãšã§ã™ï¼

#minne
#ãƒãƒ³ãƒ‰ãƒ¡ã‚¤ãƒ‰â€¦ https://t.co/7QCp8KWHO2",2019-04-18 11:43:47,4,10,Twitter for Android,1107638239760793605,CougarSora,ç©ºé›…(Cougar/ãã‚‰ã¿ã‚„ã³)@ãƒŸãƒªã‚¿ãƒªãƒ¼å¥½ã,2019-03-18 13:41:50,"éŠƒã¨èŠ±ã€ãã‚Œã‹ã‚‰ä»–ã«ã‚‚å¥½ããªã‚‚ã®ãŒãŸãã•ã‚“ã€‚ãƒŸãƒªã‚¿ãƒªãƒ¼ãƒ¢ãƒãƒ¼ãƒ•ã®ä»–ã€ãªã‚“ã‹ä¸­äºŒç—…ã£ã½ã„ã‚‚ã®ä½œã£ãŸã‚Šã€ã‹ã¨æ€ãˆã°æ°´å¼•ç´°å·¥ã§éŠã‚“ã§ã¿ãŸã‚Šã€‚è‡ªç”±ã€‚
2019/3/18~minneå‡ºå“ä¸­ã§ã™â†’https://t.co/Yx4EoHPvxh",115,26,41,,1,2,0,119
71,1118511765275332608,"RT @sirokuma_koubou: minneã«ã¦æ–°ä½œã‚’è²©å£²é–‹å§‹ã—ã¾ã—ãŸï¼
è€³ã«ã‚‚èŠ±ã‚’å’²ã‹ã›ã¦ã¿ã¾ã›ã‚“ã‹ï¼ŸğŸŒ¼
æ–°ä½œã®ãƒ–ãƒ©ãƒƒã‚¯ç™»å ´ï¼ï¼
ï¼œé™å®šï¼‘ç‚¹ï¼è€³ã«å’²ãã‚·ã‚§ãƒ«ãŒç…Œã‚ããŠèŠ±ã®ã‚¤ãƒ¤ãƒªãƒ³ã‚°ãƒ»ãƒ”ã‚¢ã‚¹ï½ãƒ–ãƒ©ãƒƒã‚¯ï½ by ã‚·ãƒ­ã‚¯ãƒå·¥æˆ¿ https://t.co/NYvpgO8knnâ€¦",2019-04-17 13:49:20,12,0,Twitter for Android,1107638239760793605,CougarSora,ç©ºé›…(Cougar/ãã‚‰ã¿ã‚„ã³)@ãƒŸãƒªã‚¿ãƒªãƒ¼å¥½ã,2019-03-18 13:41:50,"éŠƒã¨èŠ±ã€ãã‚Œã‹ã‚‰ä»–ã«ã‚‚å¥½ããªã‚‚ã®ãŒãŸãã•ã‚“ã€‚ãƒŸãƒªã‚¿ãƒªãƒ¼ãƒ¢ãƒãƒ¼ãƒ•ã®ä»–ã€ãªã‚“ã‹ä¸­äºŒç—…ã£ã½ã„ã‚‚ã®ä½œã£ãŸã‚Šã€ã‹ã¨æ€ãˆã°æ°´å¼•ç´°å·¥ã§éŠã‚“ã§ã¿ãŸã‚Šã€‚è‡ªç”±ã€‚
2019/3/18~minneå‡ºå“ä¸­ã§ã™â†’https://t.co/Yx4EoHPvxh",115,26,41,,1,0,1,119
72,1118511277997867009,ç”»åƒã¤ã‘å¿˜ã‚Œã¦ã¾ã—ãŸã­ï¾Šï¾Šï¾Š https://t.co/PH3z7cuFv8,2019-04-17 13:47:24,0,2,Twitter for Android,1107638239760793605,CougarSora,ç©ºé›…(Cougar/ãã‚‰ã¿ã‚„ã³)@ãƒŸãƒªã‚¿ãƒªãƒ¼å¥½ã,2019-03-18 13:41:50,"éŠƒã¨èŠ±ã€ãã‚Œã‹ã‚‰ä»–ã«ã‚‚å¥½ããªã‚‚ã®ãŒãŸãã•ã‚“ã€‚ãƒŸãƒªã‚¿ãƒªãƒ¼ãƒ¢ãƒãƒ¼ãƒ•ã®ä»–ã€ãªã‚“ã‹ä¸­äºŒç—…ã£ã½ã„ã‚‚ã®ä½œã£ãŸã‚Šã€ã‹ã¨æ€ãˆã°æ°´å¼•ç´°å·¥ã§éŠã‚“ã§ã¿ãŸã‚Šã€‚è‡ªç”±ã€‚
2019/3/18~minneå‡ºå“ä¸­ã§ã™â†’https://t.co/Yx4EoHPvxh",115,26,41,,1,0,0,119
73,1118491668028592128,é›²ãƒ¬ã‚¸ãƒ³ã‚‚æ¥½ã—ã„ã—ã€ãƒãƒ§ãƒ¼ã‚«ãƒ¼ã®è©¦ä½œã‚‚é€²ã‚ãŸã„ã—ã€ã¤ã¾ã¿ç´°å·¥ã¨ã‹å·»ãç‰ã¨ã‹é©ç´°å·¥ã¨ã‹æ–°ã—ãå§‹ã‚ã¦ã¿ãŸã„ã“ã¨ã‚‚ã‚ã‚‹ã—â€¦â€¦åˆ†è£‚ã—ãŸã„,2019-04-17 12:29:28,0,0,Twitter for Android,1107638239760793605,CougarSora,ç©ºé›…(Cougar/ãã‚‰ã¿ã‚„ã³)@ãƒŸãƒªã‚¿ãƒªãƒ¼å¥½ã,2019-03-18 13:41:50,"éŠƒã¨èŠ±ã€ãã‚Œã‹ã‚‰ä»–ã«ã‚‚å¥½ããªã‚‚ã®ãŒãŸãã•ã‚“ã€‚ãƒŸãƒªã‚¿ãƒªãƒ¼ãƒ¢ãƒãƒ¼ãƒ•ã®ä»–ã€ãªã‚“ã‹ä¸­äºŒç—…ã£ã½ã„ã‚‚ã®ä½œã£ãŸã‚Šã€ã‹ã¨æ€ãˆã°æ°´å¼•ç´°å·¥ã§éŠã‚“ã§ã¿ãŸã‚Šã€‚è‡ªç”±ã€‚
2019/3/18~minneå‡ºå“ä¸­ã§ã™â†’https://t.co/Yx4EoHPvxh",115,26,41,,0,0,0,119
74,1118489154671616007,"é›²ãƒ¬ã‚¸ãƒ³ç·´ç¿’ä¸­â€¦â€¦æ˜¨æ—¥ã®ã‚ˆã‚Šã¯ã„ã„æ„Ÿã˜ï¼Ÿ

https://t.co/imXAlWe10c",2019-04-17 12:19:29,0,3,Twitter for Android,1107638239760793605,CougarSora,ç©ºé›…(Cougar/ãã‚‰ã¿ã‚„ã³)@ãƒŸãƒªã‚¿ãƒªãƒ¼å¥½ã,2019-03-18 13:41:50,"éŠƒã¨èŠ±ã€ãã‚Œã‹ã‚‰ä»–ã«ã‚‚å¥½ããªã‚‚ã®ãŒãŸãã•ã‚“ã€‚ãƒŸãƒªã‚¿ãƒªãƒ¼ãƒ¢ãƒãƒ¼ãƒ•ã®ä»–ã€ãªã‚“ã‹ä¸­äºŒç—…ã£ã½ã„ã‚‚ã®ä½œã£ãŸã‚Šã€ã‹ã¨æ€ãˆã°æ°´å¼•ç´°å·¥ã§éŠã‚“ã§ã¿ãŸã‚Šã€‚è‡ªç”±ã€‚
2019/3/18~minneå‡ºå“ä¸­ã§ã™â†’https://t.co/Yx4EoHPvxh",115,26,41,,1,0,0,119
75,1118331241361620993,ãã€æ˜¨æ—¥ã®ã‚¢ã‚¯ã‚»ã‚¹æ•°â€¦â€¦36ã‚‚ã‚ã‚‹ã…â€¦â€¦çš†æ§˜ã‚ã‚ŠãŒã¨ã†ã”ã–ã„ã¾ã™â€¦â€¦ã“ã‚Œã‹ã‚‰ã‚‚ç©ºé›…ã‚’ã©ã†ãã‚ˆã‚ã—ããŠé¡˜ã„ã—ã¾ã™ï¼ https://t.co/QHSOKcL4MR,2019-04-17 01:52:00,0,2,Twitter for Android,1107638239760793605,CougarSora,ç©ºé›…(Cougar/ãã‚‰ã¿ã‚„ã³)@ãƒŸãƒªã‚¿ãƒªãƒ¼å¥½ã,2019-03-18 13:41:50,"éŠƒã¨èŠ±ã€ãã‚Œã‹ã‚‰ä»–ã«ã‚‚å¥½ããªã‚‚ã®ãŒãŸãã•ã‚“ã€‚ãƒŸãƒªã‚¿ãƒªãƒ¼ãƒ¢ãƒãƒ¼ãƒ•ã®ä»–ã€ãªã‚“ã‹ä¸­äºŒç—…ã£ã½ã„ã‚‚ã®ä½œã£ãŸã‚Šã€ã‹ã¨æ€ãˆã°æ°´å¼•ç´°å·¥ã§éŠã‚“ã§ã¿ãŸã‚Šã€‚è‡ªç”±ã€‚
2019/3/18~minneå‡ºå“ä¸­ã§ã™â†’https://t.co/Yx4EoHPvxh",115,26,41,,1,0,0,119
76,1118130400612638721,å¼¾ä¸¸ã®ãƒ¢ãƒ¼ãƒ«ãƒ‰å¥½ãã ã‘ã©éå¸¸ã«æ‰±ã„ã¥ã‚‰ã„â€¦â€¦ç²¾é€²ã—ãªãã¦ã¯,2019-04-16 12:33:56,0,0,Twitter for Android,1107638239760793605,CougarSora,ç©ºé›…(Cougar/ãã‚‰ã¿ã‚„ã³)@ãƒŸãƒªã‚¿ãƒªãƒ¼å¥½ã,2019-03-18 13:41:50,"éŠƒã¨èŠ±ã€ãã‚Œã‹ã‚‰ä»–ã«ã‚‚å¥½ããªã‚‚ã®ãŒãŸãã•ã‚“ã€‚ãƒŸãƒªã‚¿ãƒªãƒ¼ãƒ¢ãƒãƒ¼ãƒ•ã®ä»–ã€ãªã‚“ã‹ä¸­äºŒç—…ã£ã½ã„ã‚‚ã®ä½œã£ãŸã‚Šã€ã‹ã¨æ€ãˆã°æ°´å¼•ç´°å·¥ã§éŠã‚“ã§ã¿ãŸã‚Šã€‚è‡ªç”±ã€‚
2019/3/18~minneå‡ºå“ä¸­ã§ã™â†’https://t.co/Yx4EoHPvxh",115,26,41,,0,0,0,119
77,1118129952275271680,"ç´™ç²˜åœŸã§é›²ãƒ¬ã‚¸ãƒ³ã‚’ã‚„ã£ã¦ã¿ãŸã‚“ã§ã™ãŒã€é›£ã—ã„â€¦â€¦ã‚‚ã—ã„ã„æ„Ÿã˜ã®ã‚‚ã®ãŒå‡ºæ¥ãŸã‚‰Fantasy Bulletã®ã‚·ãƒªãƒ¼ã‚ºã«ä¸¦ã¹ã‚‹ã¤ã‚‚ã‚Šã§ã™ãŒã€ã„ã¤ã«ãªã‚‹ã®ã‹â€¦â€¦ã€‚
ã¨ã€ã¨ã‚Šã‚ãˆãšFantasy Bulletã‚·ãƒªãƒ¼ã‚ºã€ã‚ˆã‚ã—ããŠé¡˜ã„ã—ã¾ã™â€¦ https://t.co/ELwA4kx6bQ",2019-04-16 12:32:09,0,4,Twitter for Android,1107638239760793605,CougarSora,ç©ºé›…(Cougar/ãã‚‰ã¿ã‚„ã³)@ãƒŸãƒªã‚¿ãƒªãƒ¼å¥½ã,2019-03-18 13:41:50,"éŠƒã¨èŠ±ã€ãã‚Œã‹ã‚‰ä»–ã«ã‚‚å¥½ããªã‚‚ã®ãŒãŸãã•ã‚“ã€‚ãƒŸãƒªã‚¿ãƒªãƒ¼ãƒ¢ãƒãƒ¼ãƒ•ã®ä»–ã€ãªã‚“ã‹ä¸­äºŒç—…ã£ã½ã„ã‚‚ã®ä½œã£ãŸã‚Šã€ã‹ã¨æ€ãˆã°æ°´å¼•ç´°å·¥ã§éŠã‚“ã§ã¿ãŸã‚Šã€‚è‡ªç”±ã€‚
2019/3/18~minneå‡ºå“ä¸­ã§ã™â†’https://t.co/Yx4EoHPvxh",115,26,41,,1,0,0,119
78,1117753717669765121,"ç¾åœ¨è²©å£²ä¸­ã®â†“ã“ã®ã‚¤ãƒ¤ãƒ¼ã‚«ãƒ•&amp;ã‚¤ãƒ¤ãƒªãƒ³ã‚°ã¨æƒã„ã®ãƒ‡ã‚¶ã‚¤ãƒ³ï¼Ÿã®ãƒãƒ§ãƒ¼ã‚«ãƒ¼ã‚’è©¦ä½œä¸­ã§ã™â€¦â€¦ã‚¢ãƒ«ãƒŸè–”è–‡å¤§å¥½ãğŸŒ¹

éŠƒã¨è–”è–‡ã®ã‚¤ãƒ¤ãƒ¼ã‚«ãƒ•&amp;å¼¾ä¸¸ã®ã‚¤ãƒ¤ãƒªãƒ³ã‚°/ãƒ”ã‚¢ã‚¹
#minne
#ãƒãƒ³ãƒ‰ãƒ¡ã‚¤ãƒ‰
#ãƒãƒ³ãƒ‰ãƒ¡ã‚¤ãƒ‰å¥½ããªäººã¨ç¹‹ãŒã‚ŠãŸã„â€¦ https://t.co/qkw3RjtVeW",2019-04-15 11:37:07,3,13,Twitter for Android,1107638239760793605,CougarSora,ç©ºé›…(Cougar/ãã‚‰ã¿ã‚„ã³)@ãƒŸãƒªã‚¿ãƒªãƒ¼å¥½ã,2019-03-18 13:41:50,"éŠƒã¨èŠ±ã€ãã‚Œã‹ã‚‰ä»–ã«ã‚‚å¥½ããªã‚‚ã®ãŒãŸãã•ã‚“ã€‚ãƒŸãƒªã‚¿ãƒªãƒ¼ãƒ¢ãƒãƒ¼ãƒ•ã®ä»–ã€ãªã‚“ã‹ä¸­äºŒç—…ã£ã½ã„ã‚‚ã®ä½œã£ãŸã‚Šã€ã‹ã¨æ€ãˆã°æ°´å¼•ç´°å·¥ã§éŠã‚“ã§ã¿ãŸã‚Šã€‚è‡ªç”±ã€‚
2019/3/18~minneå‡ºå“ä¸­ã§ã™â†’https://t.co/Yx4EoHPvxh",115,26,41,,1,3,0,119
79,1117383278401507329,"æ–°ä½œã§ã™ã€œæ¢…é›¨ã«ã¯ã¾ã æ—©ã„ã‘ã©ã€ç´«é™½èŠ±ã‚’ã‚¤ãƒ¡ãƒ¼ã‚¸ã—ãŸæ°´å¼•ã®ã‚¤ãƒ¤ãƒªãƒ³ã‚°ã§ã™ï¼ã“ã‚ã“ã‚ã—ãŸç‰çµã³â€¦â€¦ä½œã£ã¦ã‚‹ã¨çµæ§‹æ¥½ã—ã„ã§ã™('Ï‰')ä¸‰( Îµ:)ä¸‰(,Ï‰,)ä¸‰(:3 )

ç´«é™½èŠ±ã‚¤ãƒ¡ãƒ¼ã‚¸ã®ç‰çµã³æ°´å¼•ã‚¤ãƒ¤ãƒªãƒ³ã‚°/ãƒ”ã‚¢ã‚¹â€¦ https://t.co/bh1KFjkwAo",2019-04-14 11:05:08,0,5,Twitter for Android,1107638239760793605,CougarSora,ç©ºé›…(Cougar/ãã‚‰ã¿ã‚„ã³)@ãƒŸãƒªã‚¿ãƒªãƒ¼å¥½ã,2019-03-18 13:41:50,"éŠƒã¨èŠ±ã€ãã‚Œã‹ã‚‰ä»–ã«ã‚‚å¥½ããªã‚‚ã®ãŒãŸãã•ã‚“ã€‚ãƒŸãƒªã‚¿ãƒªãƒ¼ãƒ¢ãƒãƒ¼ãƒ•ã®ä»–ã€ãªã‚“ã‹ä¸­äºŒç—…ã£ã½ã„ã‚‚ã®ä½œã£ãŸã‚Šã€ã‹ã¨æ€ãˆã°æ°´å¼•ç´°å·¥ã§éŠã‚“ã§ã¿ãŸã‚Šã€‚è‡ªç”±ã€‚
2019/3/18~minneå‡ºå“ä¸­ã§ã™â†’https://t.co/Yx4EoHPvxh",115,26,41,,1,0,0,119
80,1117082639846924288,"RT @smalltail_10a: çšæœˆã®é¢¨ã®è¡£ã«

é¦™ã‚Šç«‹ã¤ æ©˜ã®é¦™
.
.
æ©˜ã‚·ãƒªãƒ¼ã‚ºã¾ãŸä½œã‚ŠãŸã„ã§ã™ãŒã€æ©˜ã£ã¦å†·é™ã«è€ƒãˆã¦ã©ã†ã„ã†ç«‹ã¡ä½ç½®ãªã‚“ã ã‚â€¦ï¼Ÿæ¡œã¨ã‹ã‚ˆã‚Šã¡ã‚‡ã£ã¨ãƒã‚¤ãƒŠãƒ¼ï¼Ÿ(ï¼›Â´âˆ€ï½€) https://t.co/HXn5ZAT2xk",2019-04-13 15:10:30,57,0,Twitter for Android,1107638239760793605,CougarSora,ç©ºé›…(Cougar/ãã‚‰ã¿ã‚„ã³)@ãƒŸãƒªã‚¿ãƒªãƒ¼å¥½ã,2019-03-18 13:41:50,"éŠƒã¨èŠ±ã€ãã‚Œã‹ã‚‰ä»–ã«ã‚‚å¥½ããªã‚‚ã®ãŒãŸãã•ã‚“ã€‚ãƒŸãƒªã‚¿ãƒªãƒ¼ãƒ¢ãƒãƒ¼ãƒ•ã®ä»–ã€ãªã‚“ã‹ä¸­äºŒç—…ã£ã½ã„ã‚‚ã®ä½œã£ãŸã‚Šã€ã‹ã¨æ€ãˆã°æ°´å¼•ç´°å·¥ã§éŠã‚“ã§ã¿ãŸã‚Šã€‚è‡ªç”±ã€‚
2019/3/18~minneå‡ºå“ä¸­ã§ã™â†’https://t.co/Yx4EoHPvxh",115,26,41,,1,0,1,119
81,1117082542031589378,"RT @sirokuma_koubou: minneã«ã¦æ–°å•†å“è²©å£²é–‹å§‹ã—ã¾ã—ãŸï¼
å¥½è©•ã®ã‚«ãƒ—ãƒƒã¨ã‚·ãƒªãƒ¼ã‚ºã«ã‚¸ãƒ³ãƒ™ã‚¤ã‚¶ãƒ¡ãŒç™»å ´ğŸ˜†
å¤§ãã„å£ã§ã‚ãªãŸã®è€³ã‚’é›¢ã—ã¾ã›ã‚“ç¬‘
ï¼œé™å®šï¼‘ç‚¹ï¼ã‚«ãƒ—ãƒƒã¨ã‚¢ãƒ‹ãƒãƒ«ãƒŸãƒ‹ã€€ã‚¤ãƒ¤ãƒªãƒ³ã‚°ãƒ»ãƒ”ã‚¢ã‚¹ï½ã‚¸ãƒ³ãƒ™ã‚¤ã‚¶ãƒ¡ï½ by ã‚·ãƒ­ã‚¯ãƒå·¥æˆ¿ https://t.coâ€¦",2019-04-13 15:10:07,17,0,Twitter for Android,1107638239760793605,CougarSora,ç©ºé›…(Cougar/ãã‚‰ã¿ã‚„ã³)@ãƒŸãƒªã‚¿ãƒªãƒ¼å¥½ã,2019-03-18 13:41:50,"éŠƒã¨èŠ±ã€ãã‚Œã‹ã‚‰ä»–ã«ã‚‚å¥½ããªã‚‚ã®ãŒãŸãã•ã‚“ã€‚ãƒŸãƒªã‚¿ãƒªãƒ¼ãƒ¢ãƒãƒ¼ãƒ•ã®ä»–ã€ãªã‚“ã‹ä¸­äºŒç—…ã£ã½ã„ã‚‚ã®ä½œã£ãŸã‚Šã€ã‹ã¨æ€ãˆã°æ°´å¼•ç´°å·¥ã§éŠã‚“ã§ã¿ãŸã‚Šã€‚è‡ªç”±ã€‚
2019/3/18~minneå‡ºå“ä¸­ã§ã™â†’https://t.co/Yx4EoHPvxh",115,26,41,,1,0,1,119
82,1117031405920243713,æ–°ä½œè©¦ä½œä¸­â€¦â€¦ç´«é™½èŠ±ãƒ¢ãƒãƒ¼ãƒ•ã®ç‰çµã³ã‚’ä½¿ã£ãŸã‚¤ãƒ¤ãƒªãƒ³ã‚°(âãƒ»Ï‰ãƒ»â)æ˜æ—¥ã«ã¯minneã«ã‚¢ãƒƒãƒ—ã—ãŸã„â€¦â€¦ https://t.co/Qxk1rVig86,2019-04-13 11:46:55,0,1,Twitter for Android,1107638239760793605,CougarSora,ç©ºé›…(Cougar/ãã‚‰ã¿ã‚„ã³)@ãƒŸãƒªã‚¿ãƒªãƒ¼å¥½ã,2019-03-18 13:41:50,"éŠƒã¨èŠ±ã€ãã‚Œã‹ã‚‰ä»–ã«ã‚‚å¥½ããªã‚‚ã®ãŒãŸãã•ã‚“ã€‚ãƒŸãƒªã‚¿ãƒªãƒ¼ãƒ¢ãƒãƒ¼ãƒ•ã®ä»–ã€ãªã‚“ã‹ä¸­äºŒç—…ã£ã½ã„ã‚‚ã®ä½œã£ãŸã‚Šã€ã‹ã¨æ€ãˆã°æ°´å¼•ç´°å·¥ã§éŠã‚“ã§ã¿ãŸã‚Šã€‚è‡ªç”±ã€‚
2019/3/18~minneå‡ºå“ä¸­ã§ã™â†’https://t.co/Yx4EoHPvxh",115,26,41,,1,0,0,119
83,1116687727905263618,"RT @PainEponine: ä»Šæ—¥ã¯ãƒ‘ãƒ³ã®æ—¥ã‚‰ã—ã„ã®ã§ğŸ¥°
æœ€è¿‘ä½œã£ãŸãƒŸãƒ‹ãƒãƒ¥ã‚¢ãƒ‘ãƒ³ã¨ã‚¹ã‚¤ãƒ¼ãƒ„ã®ä¸€éƒ¨ã§ã™ğŸ¥ğŸ°âœ¨

ğŸ¥ªã‚·ãƒ§ãƒƒãƒ—ãƒªãƒ³ã‚¯
ãƒ»https://t.co/chRx5KgUb7
ãƒ»https://t.co/h9Hp6MfiM8
ãƒ»https://t.co/brYFyi8iâ€¦",2019-04-12 13:01:16,10,0,Twitter for Android,1107638239760793605,CougarSora,ç©ºé›…(Cougar/ãã‚‰ã¿ã‚„ã³)@ãƒŸãƒªã‚¿ãƒªãƒ¼å¥½ã,2019-03-18 13:41:50,"éŠƒã¨èŠ±ã€ãã‚Œã‹ã‚‰ä»–ã«ã‚‚å¥½ããªã‚‚ã®ãŒãŸãã•ã‚“ã€‚ãƒŸãƒªã‚¿ãƒªãƒ¼ãƒ¢ãƒãƒ¼ãƒ•ã®ä»–ã€ãªã‚“ã‹ä¸­äºŒç—…ã£ã½ã„ã‚‚ã®ä½œã£ãŸã‚Šã€ã‹ã¨æ€ãˆã°æ°´å¼•ç´°å·¥ã§éŠã‚“ã§ã¿ãŸã‚Šã€‚è‡ªç”±ã€‚
2019/3/18~minneå‡ºå“ä¸­ã§ã™â†’https://t.co/Yx4EoHPvxh",115,26,41,,0,0,1,119
84,1116667289170894851,"ä»Šæ—¥ã¯ã€Œãƒˆãƒ©ãƒ³ã‚¹ãƒ•ã‚©ãƒ¼ãƒãƒ¼35å‘¨å¹´å±•ã€ã‚’è¦³ã¦ãã¾ã—ãŸğŸãƒ“ãƒ¼ã¡ã‚ƒã‚“ã§ã‹ã„ğŸã¨ã„ã†ã‚ã‘ã§(ï¼Ÿ)å½“ã‚®ãƒ£ãƒ©ãƒªãƒ¼ã§è²©å£²ä¸­ã®ãƒ“ãƒ¼ã¡ã‚ƒã‚“ã‚«ãƒ©ãƒ¼ã®é»„è‰²ã„ã‚¢ã‚¤ãƒ†ãƒ ã”ç´¹ä»‹ã—ã¦ãŠãã¾ã™ğŸ
https://t.co/R47ptmv1CGâ€¦ https://t.co/XB5d6ZiJXm",2019-04-12 11:40:03,0,1,Twitter for Android,1107638239760793605,CougarSora,ç©ºé›…(Cougar/ãã‚‰ã¿ã‚„ã³)@ãƒŸãƒªã‚¿ãƒªãƒ¼å¥½ã,2019-03-18 13:41:50,"éŠƒã¨èŠ±ã€ãã‚Œã‹ã‚‰ä»–ã«ã‚‚å¥½ããªã‚‚ã®ãŒãŸãã•ã‚“ã€‚ãƒŸãƒªã‚¿ãƒªãƒ¼ãƒ¢ãƒãƒ¼ãƒ•ã®ä»–ã€ãªã‚“ã‹ä¸­äºŒç—…ã£ã½ã„ã‚‚ã®ä½œã£ãŸã‚Šã€ã‹ã¨æ€ãˆã°æ°´å¼•ç´°å·¥ã§éŠã‚“ã§ã¿ãŸã‚Šã€‚è‡ªç”±ã€‚
2019/3/18~minneå‡ºå“ä¸­ã§ã™â†’https://t.co/Yx4EoHPvxh",115,26,41,,2,0,0,119
85,1116664448708595712,RT @PainEponine: ãƒãƒ³ãƒ‰ãƒ¡ã‚¤ãƒ‰ãƒãƒ¼ã‚±ãƒƒãƒˆminneã§ã€ç‰‡è€³ã€‘ã«ã‚ƒã‚“ã“ãƒ•ã‚©ã‚«ãƒƒãƒãƒ£ã‚µãƒ³ãƒ‰(ãƒ•ã‚£ãƒƒã‚·ãƒ¥ãƒ•ãƒ©ã‚¤)ãƒ”ã‚¢ã‚¹orã‚¤ãƒ¤ãƒªãƒ³ã‚°(900å††)ã®è²©å£²ã‚’é–‹å§‹ã—ã¾ã—ãŸï¼ https://t.co/9YmaZttKBH,2019-04-12 11:28:45,9,0,Twitter for Android,1107638239760793605,CougarSora,ç©ºé›…(Cougar/ãã‚‰ã¿ã‚„ã³)@ãƒŸãƒªã‚¿ãƒªãƒ¼å¥½ã,2019-03-18 13:41:50,"éŠƒã¨èŠ±ã€ãã‚Œã‹ã‚‰ä»–ã«ã‚‚å¥½ããªã‚‚ã®ãŒãŸãã•ã‚“ã€‚ãƒŸãƒªã‚¿ãƒªãƒ¼ãƒ¢ãƒãƒ¼ãƒ•ã®ä»–ã€ãªã‚“ã‹ä¸­äºŒç—…ã£ã½ã„ã‚‚ã®ä½œã£ãŸã‚Šã€ã‹ã¨æ€ãˆã°æ°´å¼•ç´°å·¥ã§éŠã‚“ã§ã¿ãŸã‚Šã€‚è‡ªç”±ã€‚
2019/3/18~minneå‡ºå“ä¸­ã§ã™â†’https://t.co/Yx4EoHPvxh",115,26,41,,1,0,1,119
86,1116663722519326720,"RT @momo_sofar: ã€æ„Ÿè¬ãƒ—ãƒ¬ã‚¼ãƒ³ãƒˆä¼ç”»ã€‘

ãƒ»2way/ç…Œã‚ã
ã€Œèµ°ã‚‹ã‚ªã‚ªã‚«ãƒŸãƒ–ãƒ­ãƒ¼ãƒ/ãƒãƒƒã‚¯ãƒ¬ã‚¹ã€
ãƒ»ãƒ•ãƒ¬ãƒ¼ã‚¯ã‚·ãƒ¼ãƒ«2ç¨®

è¨ˆ3ç‚¹ã‚»ãƒƒãƒˆ:ï¼‘åæ§˜ãƒ—ãƒ¬ã‚¼ãƒ³ãƒˆ

â—RT/ãƒ•ã‚©ãƒ­ãƒ¼ã§ã”å¿œå‹Ÿå®Œäº†ã§ã™ã€‚
â—4/13(åœŸ)ï¼š23æ™‚59åˆ†ã¾ã§
â—ï¼“æšç›®ã®è©³ç´°ã‚’ã”è¦§ãã ã•ã„ã€‚â€¦",2019-04-12 11:25:52,345,0,Twitter for Android,1107638239760793605,CougarSora,ç©ºé›…(Cougar/ãã‚‰ã¿ã‚„ã³)@ãƒŸãƒªã‚¿ãƒªãƒ¼å¥½ã,2019-03-18 13:41:50,"éŠƒã¨èŠ±ã€ãã‚Œã‹ã‚‰ä»–ã«ã‚‚å¥½ããªã‚‚ã®ãŒãŸãã•ã‚“ã€‚ãƒŸãƒªã‚¿ãƒªãƒ¼ãƒ¢ãƒãƒ¼ãƒ•ã®ä»–ã€ãªã‚“ã‹ä¸­äºŒç—…ã£ã½ã„ã‚‚ã®ä½œã£ãŸã‚Šã€ã‹ã¨æ€ãˆã°æ°´å¼•ç´°å·¥ã§éŠã‚“ã§ã¿ãŸã‚Šã€‚è‡ªç”±ã€‚
2019/3/18~minneå‡ºå“ä¸­ã§ã™â†’https://t.co/Yx4EoHPvxh",115,26,41,,0,0,1,119
87,1116604014135631875,"RT @BELINDA_by_Mo2: æ–°è‰²ç™»å ´ï¼ï¼

å·¦å³ã§ç´«é™½èŠ±ã®ã‚«ãƒ©ãƒ¼ãŒé•ã†ã®ãŒè‰¯ã•ã§ã™âœ¨
ç´«ã®æ¿ƒã„ã‚«ãƒ©ãƒ¼ã‚‚ä¸Šå“ğŸ’•
è²©å£²é–‹å§‹ã§ã™âœ¨

ãƒã‚¤ã‚ªãƒ¬ãƒƒãƒˆç´«é™½èŠ±ã¨ãƒ‘ãƒ¼ãƒ«ã®å¤§äººå¯æ„›ã„ã‚¢ã‚·ãƒ³ãƒ¡ãƒˆãƒªãƒ¼ç´«é™½èŠ±ãƒ”ã‚¢ã‚¹orã‚¤ãƒ¤ãƒªãƒ³ã‚° âœ³ï¸ https://t.co/5wVq39bCgPâ€¦",2019-04-12 07:28:37,2,0,Twitter for Android,1107638239760793605,CougarSora,ç©ºé›…(Cougar/ãã‚‰ã¿ã‚„ã³)@ãƒŸãƒªã‚¿ãƒªãƒ¼å¥½ã,2019-03-18 13:41:50,"éŠƒã¨èŠ±ã€ãã‚Œã‹ã‚‰ä»–ã«ã‚‚å¥½ããªã‚‚ã®ãŒãŸãã•ã‚“ã€‚ãƒŸãƒªã‚¿ãƒªãƒ¼ãƒ¢ãƒãƒ¼ãƒ•ã®ä»–ã€ãªã‚“ã‹ä¸­äºŒç—…ã£ã½ã„ã‚‚ã®ä½œã£ãŸã‚Šã€ã‹ã¨æ€ãˆã°æ°´å¼•ç´°å·¥ã§éŠã‚“ã§ã¿ãŸã‚Šã€‚è‡ªç”±ã€‚
2019/3/18~minneå‡ºå“ä¸­ã§ã™â†’https://t.co/Yx4EoHPvxh",115,26,41,,1,0,1,119
88,1116603933495980032,"RT @BELINDA_by_Mo2: ãƒ‘ã‚¹ãƒ†ãƒ«ã‚«ãƒ©ãƒ¼ã ã‹ã‚‰ç›®ç«‹ã¡ã™ããšã€æ¸…æ¥šãªç´«é™½èŠ±ãƒ”ã‚¢ã‚¹ãŒã§ãã¾ã—ãŸâœ¨

ã™ã¿ã‚Œè‰²ã¯ã€å¤§äººå¯æ„›ã„ãƒ”ã‚¢ã‚¹
ãƒã‚¤ãƒ“ãƒ¼ãƒ–ãƒ«ãƒ¼ã¯ã€çˆ½ã‚„ã‹ãªãƒ”ã‚¢ã‚¹
æ¡ƒè‰²ã¯ã€å¯æ„›ã„å¥³ã®å­ã«ã´ã£ãŸã‚Šãªãƒ”ã‚¢ã‚¹
è²©å£²ä¸­ã§ã™âœ¨ğŸ’•

BELINDA'S GALLERY httpsâ€¦",2019-04-12 07:28:17,8,0,Twitter for Android,1107638239760793605,CougarSora,ç©ºé›…(Cougar/ãã‚‰ã¿ã‚„ã³)@ãƒŸãƒªã‚¿ãƒªãƒ¼å¥½ã,2019-03-18 13:41:50,"éŠƒã¨èŠ±ã€ãã‚Œã‹ã‚‰ä»–ã«ã‚‚å¥½ããªã‚‚ã®ãŒãŸãã•ã‚“ã€‚ãƒŸãƒªã‚¿ãƒªãƒ¼ãƒ¢ãƒãƒ¼ãƒ•ã®ä»–ã€ãªã‚“ã‹ä¸­äºŒç—…ã£ã½ã„ã‚‚ã®ä½œã£ãŸã‚Šã€ã‹ã¨æ€ãˆã°æ°´å¼•ç´°å·¥ã§éŠã‚“ã§ã¿ãŸã‚Šã€‚è‡ªç”±ã€‚
2019/3/18~minneå‡ºå“ä¸­ã§ã™â†’https://t.co/Yx4EoHPvxh",115,26,41,,0,0,1,119
89,1116345255949811712,"RT @sirokuma_koubou: minneã«ã¦æ–°å•†å“ç™ºå£²é–‹å§‹ã„ãŸã—ã¾ã—ãŸâœ¨
ä»Šå›ã¯ã€Œè€³ã«å’²ãèŠ±ã€ã‚’ã‚¤ãƒ¡ãƒ¼ã‚¸ã—ã¾ã—ãŸğŸŒ¸

ï¼œé™å®š1ç‚¹ï¼è€³ã«å’²ãã‚·ã‚§ãƒ«ãŒç…Œã‚ããŠèŠ±ã®ã‚¤ãƒ¤ãƒªãƒ³ã‚°ãƒ»ãƒ”ã‚¢ã‚¹ï½ãƒ–ãƒ«ãƒ¼ï¼†ã‚¸ãƒ«ãƒãƒ¼ï½ by ã‚·ãƒ­ã‚¯ãƒå·¥æˆ¿ https://t.co/Ulio0Wtp1Uâ€¦",2019-04-11 14:20:24,17,0,Twitter for Android,1107638239760793605,CougarSora,ç©ºé›…(Cougar/ãã‚‰ã¿ã‚„ã³)@ãƒŸãƒªã‚¿ãƒªãƒ¼å¥½ã,2019-03-18 13:41:50,"éŠƒã¨èŠ±ã€ãã‚Œã‹ã‚‰ä»–ã«ã‚‚å¥½ããªã‚‚ã®ãŒãŸãã•ã‚“ã€‚ãƒŸãƒªã‚¿ãƒªãƒ¼ãƒ¢ãƒãƒ¼ãƒ•ã®ä»–ã€ãªã‚“ã‹ä¸­äºŒç—…ã£ã½ã„ã‚‚ã®ä½œã£ãŸã‚Šã€ã‹ã¨æ€ãˆã°æ°´å¼•ç´°å·¥ã§éŠã‚“ã§ã¿ãŸã‚Šã€‚è‡ªç”±ã€‚
2019/3/18~minneå‡ºå“ä¸­ã§ã™â†’https://t.co/Yx4EoHPvxh",115,26,41,,1,0,1,119
90,1120295537566277632,@ChipReiderson Ohhhh Cougar,2019-04-22 11:57:24,0,1,Twitter for iPhone,2188042480,Ruin2day,Ruined NCAA Brackets,2013-11-19 22:39:52,"FKA @ruin2morrowJr. Fan of sarcasm, pizza & mozzarella sticks. Love baseball & like 3-4 people. Have been called the worst sports fan ever.",139,3038,2071,Dugout ,0,0,1,130618
91,1120295139510034432,What is he now? https://t.co/xF9eEj4c7o,2019-04-22 11:55:49,0,6,Twitter for iPhone,2188042480,Ruin2day,Ruined NCAA Brackets,2013-11-19 22:39:52,"FKA @ruin2morrowJr. Fan of sarcasm, pizza & mozzarella sticks. Love baseball & like 3-4 people. Have been called the worst sports fan ever.",139,3038,2071,Dugout ,1,0,0,130618
92,1120295054915047424,@ChipReiderson Reeboks with the straps?,2019-04-22 11:55:29,0,1,Twitter for iPhone,2188042480,Ruin2day,Ruined NCAA Brackets,2013-11-19 22:39:52,"FKA @ruin2morrowJr. Fan of sarcasm, pizza & mozzarella sticks. Love baseball & like 3-4 people. Have been called the worst sports fan ever.",139,3038,2071,Dugout ,0,0,1,130618
93,1120278315519086592,"@finklebone @vansciverju @jelynchjr Thatâ€™s exactly where he should be, on the bench like a typical white NCAA senioâ€¦ https://t.co/x9xKoB1r9z",2019-04-22 10:48:58,0,1,Twitter for iPhone,2188042480,Ruin2day,Ruined NCAA Brackets,2013-11-19 22:39:52,"FKA @ruin2morrowJr. Fan of sarcasm, pizza & mozzarella sticks. Love baseball & like 3-4 people. Have been called the worst sports fan ever.",139,3038,2071,Dugout ,1,0,3,130618
94,1120267384055635969,@brianstartare @RexChapman Nothing gets past him,2019-04-22 10:05:32,0,1,Twitter for iPhone,2188042480,Ruin2day,Ruined NCAA Brackets,2013-11-19 22:39:52,"FKA @ruin2morrowJr. Fan of sarcasm, pizza & mozzarella sticks. Love baseball & like 3-4 people. Have been called the worst sports fan ever.",139,3038,2071,Dugout ,0,0,2,130618
95,1120264713496141825,@NOTORIOUS1097 He deserves it for those shorts,2019-04-22 09:54:55,0,1,Twitter for iPhone,2188042480,Ruin2day,Ruined NCAA Brackets,2013-11-19 22:39:52,"FKA @ruin2morrowJr. Fan of sarcasm, pizza & mozzarella sticks. Love baseball & like 3-4 people. Have been called the worst sports fan ever.",139,3038,2071,Dugout ,0,0,1,130618
96,1120262556373934082,"Iâ€™ll watch this at least 1,000 more times today https://t.co/OSGP2Xp5kS",2019-04-22 09:46:21,1,7,Twitter for iPhone,2188042480,Ruin2day,Ruined NCAA Brackets,2013-11-19 22:39:52,"FKA @ruin2morrowJr. Fan of sarcasm, pizza & mozzarella sticks. Love baseball & like 3-4 people. Have been called the worst sports fan ever.",139,3038,2071,Dugout ,1,0,0,130618
97,1120259966395473921,"@vansciverju @jelynchjr Because he knows the cheerleaders dances? Come on, heâ€™s average at best and picks up his drâ€¦ https://t.co/AuDlgUUeIT",2019-04-22 09:36:04,0,0,Twitter for iPhone,2188042480,Ruin2day,Ruined NCAA Brackets,2013-11-19 22:39:52,"FKA @ruin2morrowJr. Fan of sarcasm, pizza & mozzarella sticks. Love baseball & like 3-4 people. Have been called the worst sports fan ever.",139,3038,2071,Dugout ,1,0,2,130618
98,1120257898414837761,More valuable- TJ McConnell or Cesar Hernandez because I strongly dislike both of them  @jelynchjr,2019-04-22 09:27:51,0,3,Twitter for iPhone,2188042480,Ruin2day,Ruined NCAA Brackets,2013-11-19 22:39:52,"FKA @ruin2morrowJr. Fan of sarcasm, pizza & mozzarella sticks. Love baseball & like 3-4 people. Have been called the worst sports fan ever.",139,3038,2071,Dugout ,0,0,1,130618
99,1120257672673136641,Another day with a positive outlook: donâ€™t under appreciate  the small things that added together can be life changing,2019-04-22 09:26:57,0,3,Twitter for iPhone,2188042480,Ruin2day,Ruined NCAA Brackets,2013-11-19 22:39:52,"FKA @ruin2morrowJr. Fan of sarcasm, pizza & mozzarella sticks. Love baseball & like 3-4 people. Have been called the worst sports fan ever.",139,3038,2071,Dugout ,0,0,0,130618
100,1120227887850901504,@shandershow I thought big off season acquisitions slumping would be good for a national show. Just trying to help,2019-04-22 07:28:35,0,2,Twitter for iPhone,2188042480,Ruin2day,Ruined NCAA Brackets,2013-11-19 22:39:52,"FKA @ruin2morrowJr. Fan of sarcasm, pizza & mozzarella sticks. Love baseball & like 3-4 people. Have been called the worst sports fan ever.",139,3038,2071,Dugout ,0,0,1,130618
101,1120225596649431040,"@shandershow Phils offense was basically embarrassed in Colorado and havenâ€™t been consistent of late, how many moreâ€¦ https://t.co/kNq1oChFul",2019-04-22 07:19:29,0,0,Twitter for iPhone,2188042480,Ruin2day,Ruined NCAA Brackets,2013-11-19 22:39:52,"FKA @ruin2morrowJr. Fan of sarcasm, pizza & mozzarella sticks. Love baseball & like 3-4 people. Have been called the worst sports fan ever.",139,3038,2071,Dugout ,1,0,1,130618
102,1120201773061427200,@shandershow Cam Newtonâ€™s fashion designer,2019-04-22 05:44:49,0,4,Twitter for iPhone,2188042480,Ruin2day,Ruined NCAA Brackets,2013-11-19 22:39:52,"FKA @ruin2morrowJr. Fan of sarcasm, pizza & mozzarella sticks. Love baseball & like 3-4 people. Have been called the worst sports fan ever.",139,3038,2071,Dugout ,0,0,1,130618
103,1120199951500349440,@Bran_John99 Iâ€™m constantly bumping and scratching against these metal doors doing maintenance on our machines toniâ€¦ https://t.co/UAVL45PQWp,2019-04-22 05:37:35,0,0,Twitter for iPhone,2188042480,Ruin2day,Ruined NCAA Brackets,2013-11-19 22:39:52,"FKA @ruin2morrowJr. Fan of sarcasm, pizza & mozzarella sticks. Love baseball & like 3-4 people. Have been called the worst sports fan ever.",139,3038,2071,Dugout ,1,0,1,130618
104,1120199048001146880,@Bran_John99 Yeah Iâ€™m probably worse than that.,2019-04-22 05:33:59,0,0,Twitter for iPhone,2188042480,Ruin2day,Ruined NCAA Brackets,2013-11-19 22:39:52,"FKA @ruin2morrowJr. Fan of sarcasm, pizza & mozzarella sticks. Love baseball & like 3-4 people. Have been called the worst sports fan ever.",139,3038,2071,Dugout ,0,0,1,130618
105,1120197998343020545,Major sunburn from working outside all day yesterday. Didnâ€™t feel too bad until the alcohol wore off,2019-04-22 05:29:49,0,0,Twitter for iPhone,2188042480,Ruin2day,Ruined NCAA Brackets,2013-11-19 22:39:52,"FKA @ruin2morrowJr. Fan of sarcasm, pizza & mozzarella sticks. Love baseball & like 3-4 people. Have been called the worst sports fan ever.",139,3038,2071,Dugout ,0,0,0,130618
106,1120182837444063232,@ForzaCorrado Odubel is faking the hammy just to smoke weed,2019-04-22 04:29:35,0,1,Twitter for iPhone,2188042480,Ruin2day,Ruined NCAA Brackets,2013-11-19 22:39:52,"FKA @ruin2morrowJr. Fan of sarcasm, pizza & mozzarella sticks. Love baseball & like 3-4 people. Have been called the worst sports fan ever.",139,3038,2071,Dugout ,0,0,1,130618
107,1120171542481076224,@mattsweeny9 @DaveCPhilly @realprinceblue His voice was unmatched. So unique and dark.,2019-04-22 03:44:42,0,2,Twitter for iPhone,2188042480,Ruin2day,Ruined NCAA Brackets,2013-11-19 22:39:52,"FKA @ruin2morrowJr. Fan of sarcasm, pizza & mozzarella sticks. Love baseball & like 3-4 people. Have been called the worst sports fan ever.",139,3038,2071,Dugout ,0,0,3,130618
108,1120160343806873610,@DaveCPhilly @realprinceblue Alice In Chains unplugged imo is the best but Nirvanaâ€™s is a classic album also,2019-04-22 03:00:12,0,3,Twitter for iPhone,2188042480,Ruin2day,Ruined NCAA Brackets,2013-11-19 22:39:52,"FKA @ruin2morrowJr. Fan of sarcasm, pizza & mozzarella sticks. Love baseball & like 3-4 people. Have been called the worst sports fan ever.",139,3038,2071,Dugout ,0,0,2,130618
109,1120082072641724418,Give Rhys an at bat!!!,2019-04-21 21:49:10,0,1,Twitter for iPhone,2188042480,Ruin2day,Ruined NCAA Brackets,2013-11-19 22:39:52,"FKA @ruin2morrowJr. Fan of sarcasm, pizza & mozzarella sticks. Love baseball & like 3-4 people. Have been called the worst sports fan ever.",139,3038,2071,Dugout ,0,0,0,130618
110,1120080717122289670,"@realprinceblue Damn, Prince its Sunday",2019-04-21 21:43:47,0,1,Twitter for iPhone,2188042480,Ruin2day,Ruined NCAA Brackets,2013-11-19 22:39:52,"FKA @ruin2morrowJr. Fan of sarcasm, pizza & mozzarella sticks. Love baseball & like 3-4 people. Have been called the worst sports fan ever.",139,3038,2071,Dugout ,0,0,1,130618
111,1120080307674406913,@ChipReiderson Oh itâ€™s going to be a block party when she finds out,2019-04-21 21:42:10,0,2,Twitter for iPhone,2188042480,Ruin2day,Ruined NCAA Brackets,2013-11-19 22:39:52,"FKA @ruin2morrowJr. Fan of sarcasm, pizza & mozzarella sticks. Love baseball & like 3-4 people. Have been called the worst sports fan ever.",139,3038,2071,Dugout ,0,0,1,130618
112,1120071674278371328,@PHLPhilNation Thanks Cesar,2019-04-21 21:07:51,0,0,Twitter for iPhone,2188042480,Ruin2day,Ruined NCAA Brackets,2013-11-19 22:39:52,"FKA @ruin2morrowJr. Fan of sarcasm, pizza & mozzarella sticks. Love baseball & like 3-4 people. Have been called the worst sports fan ever.",139,3038,2071,Dugout ,0,0,1,130618
113,1120071330131578880,Yeah that Cesar is awesome. Nice check swing puddin head,2019-04-21 21:06:29,0,8,Twitter for iPhone,2188042480,Ruin2day,Ruined NCAA Brackets,2013-11-19 22:39:52,"FKA @ruin2morrowJr. Fan of sarcasm, pizza & mozzarella sticks. Love baseball & like 3-4 people. Have been called the worst sports fan ever.",139,3038,2071,Dugout ,0,0,0,130618
114,1120070043126116352,"#WhatIsYourPetTryingToTellYou stop pulling on that thing, itâ€™ll grow",2019-04-21 21:01:22,0,1,Twitter for iPhone,2188042480,Ruin2day,Ruined NCAA Brackets,2013-11-19 22:39:52,"FKA @ruin2morrowJr. Fan of sarcasm, pizza & mozzarella sticks. Love baseball & like 3-4 people. Have been called the worst sports fan ever.",139,3038,2071,Dugout ,0,1,0,130618
115,1120065588087394306,@realprinceblue In fairness Dudley is a mr. potato head and changes his eyes and ears and shoes and really agitates the Sixers,2019-04-21 20:43:40,0,1,Twitter for iPhone,2188042480,Ruin2day,Ruined NCAA Brackets,2013-11-19 22:39:52,"FKA @ruin2morrowJr. Fan of sarcasm, pizza & mozzarella sticks. Love baseball & like 3-4 people. Have been called the worst sports fan ever.",139,3038,2071,Dugout ,0,0,1,130618
116,1120027797693575169,@harpm2012 @Phillies Someone has to make the 3rd out,2019-04-21 18:13:30,0,3,Twitter for iPhone,2188042480,Ruin2day,Ruined NCAA Brackets,2013-11-19 22:39:52,"FKA @ruin2morrowJr. Fan of sarcasm, pizza & mozzarella sticks. Love baseball & like 3-4 people. Have been called the worst sports fan ever.",139,3038,2071,Dugout ,0,0,2,130618
117,1119994820943073280,@NicoleJade525 You too,2019-04-21 16:02:28,0,1,Twitter for iPhone,2188042480,Ruin2day,Ruined NCAA Brackets,2013-11-19 22:39:52,"FKA @ruin2morrowJr. Fan of sarcasm, pizza & mozzarella sticks. Love baseball & like 3-4 people. Have been called the worst sports fan ever.",139,3038,2071,Dugout ,0,0,1,130618
118,1119994021122801665,@NicoleJade525 This may be your best tweet ever Nicole,2019-04-21 15:59:17,0,1,Twitter for iPhone,2188042480,Ruin2day,Ruined NCAA Brackets,2013-11-19 22:39:52,"FKA @ruin2morrowJr. Fan of sarcasm, pizza & mozzarella sticks. Love baseball & like 3-4 people. Have been called the worst sports fan ever.",139,3038,2071,Dugout ,0,0,1,130618
119,1119982888303378433,@shandershow And a â€œhe damn near broke him in halfâ€- Jim Ross,2019-04-21 15:15:03,0,0,Twitter for iPhone,2188042480,Ruin2day,Ruined NCAA Brackets,2013-11-19 22:39:52,"FKA @ruin2morrowJr. Fan of sarcasm, pizza & mozzarella sticks. Love baseball & like 3-4 people. Have been called the worst sports fan ever.",139,3038,2071,Dugout ,0,0,1,130618
120,1120298524682461189,RT @ByCirak: My favorite sexy lady Lucy Zara @Lucyzaraxx in sexy black stockings ğŸ˜ ğŸ˜ ğŸ˜ ğŸ˜ https://t.co/Ne5ukklj8O,2019-04-22 12:09:17,12,0,Twitter for Android,889524975622922240,JamesALogan1,James A Logan,2017-07-24 16:37:35,Married,7,100,1320,"bethelsprings,tn",1,0,2,16384
121,1120298346625884161,RT @ByCirak: Horny milf @VeronicaAvluvXX in sexy black stockings ğŸ˜ ğŸ˜ ğŸ˜ https://t.co/GVFeEiIva4,2019-04-22 12:08:34,8,0,Twitter for Android,889524975622922240,JamesALogan1,James A Logan,2017-07-24 16:37:35,Married,7,100,1320,"bethelsprings,tn",1,0,2,16384
122,1120298273527468033,RT @MsCharlotteWWE: Thank you #wwemadison Woooo! ğŸ‘¸ https://t.co/C4qvkqyuIH,2019-04-22 12:08:17,606,0,Twitter for Android,889524975622922240,JamesALogan1,James A Logan,2017-07-24 16:37:35,Married,7,100,1320,"bethelsprings,tn",1,1,1,16384
123,1120298202031378432,RT @eighthwonder1: https://t.co/cEo2z9T1tX,2019-04-22 12:08:00,117,0,Twitter for Android,889524975622922240,JamesALogan1,James A Logan,2017-07-24 16:37:35,Married,7,100,1320,"bethelsprings,tn",1,0,1,16384
124,1120298003380699136,RT @WePostLesbians: https://t.co/ws097HX1ke,2019-04-22 12:07:12,1330,0,Twitter for Android,889524975622922240,JamesALogan1,James A Logan,2017-07-24 16:37:35,Married,7,100,1320,"bethelsprings,tn",1,0,1,16384
125,1120296771417202689,"RT @HeatherHose1: I have reached 5,000 followers!!  Thanks everyone!!! To celebrate, everyone that loves and shares this tweet will be enteâ€¦",2019-04-22 12:02:19,89,0,Twitter for Android,889524975622922240,JamesALogan1,James A Logan,2017-07-24 16:37:35,Married,7,100,1320,"bethelsprings,tn",0,0,1,16384
126,1120296537102454784,RT @SexyCelebs8___: Kristen Stewart ğŸ”¥ https://t.co/0bhPHijS9m,2019-04-22 12:01:23,199,0,Twitter for Android,889524975622922240,JamesALogan1,James A Logan,2017-07-24 16:37:35,Married,7,100,1320,"bethelsprings,tn",1,0,1,16384
127,1120295555865939969,RT @AngelScottMilf: Cougar on a night out ğŸ˜œğŸ˜ˆ https://t.co/FJTIuV5jyC,2019-04-22 11:57:29,113,0,Twitter for Android,889524975622922240,JamesALogan1,James A Logan,2017-07-24 16:37:35,Married,7,100,1320,"bethelsprings,tn",1,0,1,16384
128,1120264468385214469,RT @JamesALogan1: @ukslutlover I'd take the one on the left she has the bigger tit's and she looks like she would be the wildest one and doâ€¦,2019-04-22 09:53:57,2,0,Twitter for Android,889524975622922240,JamesALogan1,James A Logan,2017-07-24 16:37:35,Married,7,100,1320,"bethelsprings,tn",0,0,2,16384
129,1119986098439114754,RT @MaitlandWard: Happy Easter Morning! I hope everyone has a beautiful day. I am so grateful and blessed for each and everyone of you. ğŸ£ğŸ°ğŸ¬â€¦,2019-04-21 15:27:48,263,0,Twitter for Android,889524975622922240,JamesALogan1,James A Logan,2017-07-24 16:37:35,Married,7,100,1320,"bethelsprings,tn",0,0,1,16384
130,1119985857455325184,RT @Kirstysummers6: Happy easter every one. Xx please retweet xx #Blackstockings #Barefeet #nylonfeet #shoefetish #nylons #nylon #crossdresâ€¦,2019-04-21 15:26:51,10,0,Twitter for Android,889524975622922240,JamesALogan1,James A Logan,2017-07-24 16:37:35,Married,7,100,1320,"bethelsprings,tn",0,7,1,16384
131,1119985737770967040,RT @highheelsred: https://t.co/MBrC8vRCa9,2019-04-21 15:26:22,23,0,Twitter for Android,889524975622922240,JamesALogan1,James A Logan,2017-07-24 16:37:35,Married,7,100,1320,"bethelsprings,tn",1,0,1,16384
132,1119985683127578629,RT @crazywheelz19: https://t.co/zPlClJ8Qc3,2019-04-21 15:26:09,98,0,Twitter for Android,889524975622922240,JamesALogan1,James A Logan,2017-07-24 16:37:35,Married,7,100,1320,"bethelsprings,tn",1,0,1,16384
133,1119985644577619970,RT @MeInMyPantyhose: 3 Year Twitter Anniversary Celebration - Editor's choice from the archive. #pantyhose https://t.co/JMdFz8KlTY,2019-04-21 15:26:00,27,0,Twitter for Android,889524975622922240,JamesALogan1,James A Logan,2017-07-24 16:37:35,Married,7,100,1320,"bethelsprings,tn",1,1,1,16384
134,1119985607034527751,RT @MeInMyPantyhose: 3 Year Twitter Anniversary Celebration - Editor's choice from the archive. #pantyhose https://t.co/31FuC725vO,2019-04-21 15:25:51,33,0,Twitter for Android,889524975622922240,JamesALogan1,James A Logan,2017-07-24 16:37:35,Married,7,100,1320,"bethelsprings,tn",1,1,1,16384
135,1119985572372799489,RT @highheelsred: https://t.co/pgmTSvodwN,2019-04-21 15:25:43,39,0,Twitter for Android,889524975622922240,JamesALogan1,James A Logan,2017-07-24 16:37:35,Married,7,100,1320,"bethelsprings,tn",1,0,1,16384
136,1119985522426904576,RT @NataliasTights: Layers and red lingerie...ğŸ˜ˆğŸ’‹ https://t.co/0v2iKH4839,2019-04-21 15:25:31,45,0,Twitter for Android,889524975622922240,JamesALogan1,James A Logan,2017-07-24 16:37:35,Married,7,100,1320,"bethelsprings,tn",1,0,1,16384
137,1119985479796047876,RT @philosophe666: https://t.co/u4801NCbNU,2019-04-21 15:25:21,70,0,Twitter for Android,889524975622922240,JamesALogan1,James A Logan,2017-07-24 16:37:35,Married,7,100,1320,"bethelsprings,tn",1,0,1,16384
138,1119985418789957632,RT @MeInMyPantyhose: 3 Year Twitter Anniversary Celebration - Editor's choice from the archive. #pantyhose https://t.co/9ljsm86L2E,2019-04-21 15:25:06,101,0,Twitter for Android,889524975622922240,JamesALogan1,James A Logan,2017-07-24 16:37:35,Married,7,100,1320,"bethelsprings,tn",1,1,1,16384
139,1119985269292376064,RT @StockingsRme: It's a red heels and nylon layers kind of day here. #pantyhose #tights #layers #heels #shoedangle ğŸ‘ ğŸ‘ ğŸ’‹ğŸ’‹ğŸ’‹ https://t.co/dn6Jâ€¦,2019-04-21 15:24:31,108,0,Twitter for Android,889524975622922240,JamesALogan1,James A Logan,2017-07-24 16:37:35,Married,7,100,1320,"bethelsprings,tn",1,5,1,16384
140,1119985143182184450,RT @UnderboobBabes: https://t.co/PeWXPeW9dN,2019-04-21 15:24:01,81,0,Twitter for Android,889524975622922240,JamesALogan1,James A Logan,2017-07-24 16:37:35,Married,7,100,1320,"bethelsprings,tn",1,0,1,16384
141,1119985055869341696,RT @ChavDelights: Four delights to keep you company! https://t.co/rz05fjGEZU,2019-04-21 15:23:40,117,0,Twitter for Android,889524975622922240,JamesALogan1,James A Logan,2017-07-24 16:37:35,Married,7,100,1320,"bethelsprings,tn",1,0,1,16384
142,1119984974491525120,RT @MeInMyPantyhose: 3 Year Twitter Anniversary Celebration - Editor's choice from the archive. #pantyhose https://t.co/bnDzCDZgBz,2019-04-21 15:23:20,20,0,Twitter for Android,889524975622922240,JamesALogan1,James A Logan,2017-07-24 16:37:35,Married,7,100,1320,"bethelsprings,tn",1,1,1,16384
143,1119845238921625600,RT @Princess_BeckyT: Hope you have had a lovely day in the sun ğŸ˜šğŸ˜š https://t.co/zLc3M09SPF,2019-04-21 06:08:05,48,0,Twitter for Android,889524975622922240,JamesALogan1,James A Logan,2017-07-24 16:37:35,Married,7,100,1320,"bethelsprings,tn",1,0,1,16384
144,1119844118925017088,RT @selen_vega: I ğŸ–¤ Leather. #leather #leatherjacket #black #leggings #boots #blackoutfit #smokeyeye #makeup #pose #longlegs #glam #fitfamâ€¦,2019-04-21 06:03:38,11,0,Twitter for Android,889524975622922240,JamesALogan1,James A Logan,2017-07-24 16:37:35,Married,7,100,1320,"bethelsprings,tn",0,12,1,16384
145,1119814756397875200,RT @MystiqueMyra: When you feel the Skin and the Strokes burning you deep inside. That. https://t.co/eCpKg8z5Kh,2019-04-21 04:06:57,1494,0,Twitter for Android,889524975622922240,JamesALogan1,James A Logan,2017-07-24 16:37:35,Married,7,100,1320,"bethelsprings,tn",1,0,1,16384
146,1119813772980424704,RT @michellebig2: The dick my daughters are going to have to handle now! https://t.co/PGBZD4hGnw,2019-04-21 04:03:03,28,0,Twitter for Android,889524975622922240,JamesALogan1,James A Logan,2017-07-24 16:37:35,Married,7,100,1320,"bethelsprings,tn",1,0,1,16384
147,1119812944504737792,RT @Chelsealown: If you are freaky and horny add me on https://t.co/oX3hS5fxhn #horny #pussy #snapchat #slut #pussy #video #videos #porn #lâ€¦,2019-04-21 03:59:45,76,0,Twitter for Android,889524975622922240,JamesALogan1,James A Logan,2017-07-24 16:37:35,Married,7,100,1320,"bethelsprings,tn",1,9,1,16384
148,1119812136845365249,RT @JanaPantyhose: https://t.co/wV4J2YQCS5,2019-04-21 03:56:33,10,0,Twitter for Android,889524975622922240,JamesALogan1,James A Logan,2017-07-24 16:37:35,Married,7,100,1320,"bethelsprings,tn",1,0,1,16384
149,1119811979491803136,RT @NimrodBing: Hayden Panettiere spontaneous orgasm in my presence yet again ğŸ˜ https://t.co/ohVLEco2c9,2019-04-21 03:55:55,19,0,Twitter for Android,889524975622922240,JamesALogan1,James A Logan,2017-07-24 16:37:35,Married,7,100,1320,"bethelsprings,tn",1,0,1,16384
150,1120295610928726016,2015 Canada 1 oz Gold Growling Cougar .99999 BU (Assay Card) https://t.co/HTKo5MztKo via @AmericanGoldSPP,2019-04-22 11:57:42,0,0,Twitter Web Client,785974295709167617,AmericanGoldSPP,American Gold Silver,2016-10-11 22:44:09,"A Reliable Conduit For Owning, Buying & Selling Gold, Silver & Precious Metals. Explore Our Great Collection Of Precious Metals Online @ https://t.co/gWIXlwh1Pj",160,12,143,"Palm Beach, FL",1,0,1,641
151,1120295240366284801,2014 Canada 1 oz Gold Howling Wolf .99999 BU (Assay Card) https://t.co/7A3MYRIZRz via @AmericanGoldSPP,2019-04-22 11:56:14,0,0,Twitter Web Client,785974295709167617,AmericanGoldSPP,American Gold Silver,2016-10-11 22:44:09,"A Reliable Conduit For Owning, Buying & Selling Gold, Silver & Precious Metals. Explore Our Great Collection Of Precious Metals Online @ https://t.co/gWIXlwh1Pj",160,12,143,"Palm Beach, FL",1,0,1,641
152,1119384813318942720,@IvankaTrump Happy Passover!!!!,2019-04-19 23:38:31,2,27,Twitter for iPhone,785974295709167617,AmericanGoldSPP,American Gold Silver,2016-10-11 22:44:09,"A Reliable Conduit For Owning, Buying & Selling Gold, Silver & Precious Metals. Explore Our Great Collection Of Precious Metals Online @ https://t.co/gWIXlwh1Pj",160,12,143,"Palm Beach, FL",0,0,1,641
153,1119364841393750016,"1 gram Gold Bar â€“ Perth Mint Oriana Design (In Assay) WAS $58.99
On Sale Now 21% Off The Premium! GREAT INVESTMENT!â€¦ https://t.co/XKAFybLWZ1",2019-04-19 22:19:09,0,1,Twitter Web Client,785974295709167617,AmericanGoldSPP,American Gold Silver,2016-10-11 22:44:09,"A Reliable Conduit For Owning, Buying & Selling Gold, Silver & Precious Metals. Explore Our Great Collection Of Precious Metals Online @ https://t.co/gWIXlwh1Pj",160,12,143,"Palm Beach, FL",1,0,0,641
154,1119246522036686848,"Product Details
With 1 oz of .999 fine Silver and a beautiful patriotic design, the Silver American Eagle has becomâ€¦ https://t.co/GKjcxcETze",2019-04-19 14:29:00,0,0,LinkedIn,785974295709167617,AmericanGoldSPP,American Gold Silver,2016-10-11 22:44:09,"A Reliable Conduit For Owning, Buying & Selling Gold, Silver & Precious Metals. Explore Our Great Collection Of Precious Metals Online @ https://t.co/gWIXlwh1Pj",160,12,143,"Palm Beach, FL",1,0,0,641
155,1117059495258202113,"BACK IN STOCK
1 gram Palladium Bar - PAMP Suisse (In Assay) https://t.co/7Y4N2EMi2B via @AmericanGoldSPP",2019-04-13 13:38:32,0,0,Twitter Web Client,785974295709167617,AmericanGoldSPP,American Gold Silver,2016-10-11 22:44:09,"A Reliable Conduit For Owning, Buying & Selling Gold, Silver & Precious Metals. Explore Our Great Collection Of Precious Metals Online @ https://t.co/gWIXlwh1Pj",160,12,143,"Palm Beach, FL",1,0,1,641
156,1115266745466589184,2019 1 oz Gold American Eagle BU https://t.co/bTk22yBr5u via @AmericanGoldSPP,2019-04-08 14:54:47,0,0,Twitter Web Client,785974295709167617,AmericanGoldSPP,American Gold Silver,2016-10-11 22:44:09,"A Reliable Conduit For Owning, Buying & Selling Gold, Silver & Precious Metals. Explore Our Great Collection Of Precious Metals Online @ https://t.co/gWIXlwh1Pj",160,12,143,"Palm Beach, FL",1,0,1,641
157,1115263774993338371,2018 Canada 1/4 oz Gold Maple Leaf BU https://t.co/ma9rB2Rv2y via @AmericanGoldSPP,2019-04-08 14:42:59,0,0,Twitter Web Client,785974295709167617,AmericanGoldSPP,American Gold Silver,2016-10-11 22:44:09,"A Reliable Conduit For Owning, Buying & Selling Gold, Silver & Precious Metals. Explore Our Great Collection Of Precious Metals Online @ https://t.co/gWIXlwh1Pj",160,12,143,"Palm Beach, FL",1,0,1,641
158,1114513218658029569,2018 Canada 1 oz Silver Maple Leaf 30th Anniversary BU https://t.co/HbNBz5w4o3 via @AmericanGoldSPP,2019-04-06 13:00:32,0,0,Twitter Web Client,785974295709167617,AmericanGoldSPP,American Gold Silver,2016-10-11 22:44:09,"A Reliable Conduit For Owning, Buying & Selling Gold, Silver & Precious Metals. Explore Our Great Collection Of Precious Metals Online @ https://t.co/gWIXlwh1Pj",160,12,143,"Palm Beach, FL",1,0,1,641
159,1113906369449611266,@IvankaTrump @GovMattBevin Thank you so much for all you do!!!!,2019-04-04 20:49:08,0,1,Twitter for iPhone,785974295709167617,AmericanGoldSPP,American Gold Silver,2016-10-11 22:44:09,"A Reliable Conduit For Owning, Buying & Selling Gold, Silver & Precious Metals. Explore Our Great Collection Of Precious Metals Online @ https://t.co/gWIXlwh1Pj",160,12,143,"Palm Beach, FL",0,0,2,641
160,1113906290324119557,RT @IvankaTrump: Thank you @GovMattBevin for your commitment to economic growth and job creation via skills training and workforce developmâ€¦,2019-04-04 20:48:49,691,0,Twitter for iPhone,785974295709167617,AmericanGoldSPP,American Gold Silver,2016-10-11 22:44:09,"A Reliable Conduit For Owning, Buying & Selling Gold, Silver & Precious Metals. Explore Our Great Collection Of Precious Metals Online @ https://t.co/gWIXlwh1Pj",160,12,143,"Palm Beach, FL",0,0,2,641
161,1113791313835626496,2018 Australia 1/4 oz Gold Kangaroo BU https://t.co/u4XEDquuOG via @AmericanGoldSPP,2019-04-04 13:11:57,0,0,Twitter Web Client,785974295709167617,AmericanGoldSPP,American Gold Silver,2016-10-11 22:44:09,"A Reliable Conduit For Owning, Buying & Selling Gold, Silver & Precious Metals. Explore Our Great Collection Of Precious Metals Online @ https://t.co/gWIXlwh1Pj",160,12,143,"Palm Beach, FL",1,0,1,641
162,1113783152034623490,2018 Australia 1 oz Silver Kangaroo https://t.co/PVGt6ex5II via #AmericanGoldSPP,2019-04-04 12:39:31,0,0,Twitter Web Client,785974295709167617,AmericanGoldSPP,American Gold Silver,2016-10-11 22:44:09,"A Reliable Conduit For Owning, Buying & Selling Gold, Silver & Precious Metals. Explore Our Great Collection Of Precious Metals Online @ https://t.co/gWIXlwh1Pj",160,12,143,"Palm Beach, FL",1,1,0,641
163,1113071074391064577,2018 2 oz Silver Coin - Biblical Series (Temptation of Jesus) https://t.co/uEiLw4NHfq via @AmericanGoldSPP,2019-04-02 13:29:58,1,0,Twitter Web Client,785974295709167617,AmericanGoldSPP,American Gold Silver,2016-10-11 22:44:09,"A Reliable Conduit For Owning, Buying & Selling Gold, Silver & Precious Metals. Explore Our Great Collection Of Precious Metals Online @ https://t.co/gWIXlwh1Pj",160,12,143,"Palm Beach, FL",1,0,1,641
164,1113056534953590784,2018 1/4 oz Gold American Eagle BU https://t.co/3dSQ7s68V6 via #AmericanGoldSPP,2019-04-02 12:32:12,0,0,Twitter Web Client,785974295709167617,AmericanGoldSPP,American Gold Silver,2016-10-11 22:44:09,"A Reliable Conduit For Owning, Buying & Selling Gold, Silver & Precious Metals. Explore Our Great Collection Of Precious Metals Online @ https://t.co/gWIXlwh1Pj",160,12,143,"Palm Beach, FL",1,1,0,641
165,1111264929129091077,$5 Indian Gold Half Eagle (Cleaned) https://t.co/DosR0ZvixV via @AmericanGoldSPP,2019-03-28 13:53:00,0,0,Twitter Web Client,785974295709167617,AmericanGoldSPP,American Gold Silver,2016-10-11 22:44:09,"A Reliable Conduit For Owning, Buying & Selling Gold, Silver & Precious Metals. Explore Our Great Collection Of Precious Metals Online @ https://t.co/gWIXlwh1Pj",160,12,143,"Palm Beach, FL",1,0,1,641
166,1109447380569600000,2017 Canada 1 oz Gold Maple Leaf BU https://t.co/4rMkwHiuwR via @AmericanGoldSPP,2019-03-23 13:30:42,0,0,Twitter Web Client,785974295709167617,AmericanGoldSPP,American Gold Silver,2016-10-11 22:44:09,"A Reliable Conduit For Owning, Buying & Selling Gold, Silver & Precious Metals. Explore Our Great Collection Of Precious Metals Online @ https://t.co/gWIXlwh1Pj",160,12,143,"Palm Beach, FL",1,0,1,641
167,1108739278446702593,2017 Australia 1/4 oz Gold Kangaroo BU https://t.co/cg1WbUOwTB via @AmericanGoldSPP,2019-03-21 14:36:58,0,0,Twitter Web Client,785974295709167617,AmericanGoldSPP,American Gold Silver,2016-10-11 22:44:09,"A Reliable Conduit For Owning, Buying & Selling Gold, Silver & Precious Metals. Explore Our Great Collection Of Precious Metals Online @ https://t.co/gWIXlwh1Pj",160,12,143,"Palm Beach, FL",1,0,1,641
168,1108725222482608128,2017 Australia 1/2 oz Gold Lunar Rooster BU https://t.co/PsJykMl4Nw via @AmericanGoldSPP,2019-03-21 13:41:06,0,0,Twitter Web Client,785974295709167617,AmericanGoldSPP,American Gold Silver,2016-10-11 22:44:09,"A Reliable Conduit For Owning, Buying & Selling Gold, Silver & Precious Metals. Explore Our Great Collection Of Precious Metals Online @ https://t.co/gWIXlwh1Pj",160,12,143,"Palm Beach, FL",1,0,1,641
169,1108339356102811648,2017 Australia 1 oz Silver Lunar Rooster BU (Series II) https://t.co/quTceciBpv via #AmericanGoldSPP,2019-03-20 12:07:49,0,0,Twitter Web Client,785974295709167617,AmericanGoldSPP,American Gold Silver,2016-10-11 22:44:09,"A Reliable Conduit For Owning, Buying & Selling Gold, Silver & Precious Metals. Explore Our Great Collection Of Precious Metals Online @ https://t.co/gWIXlwh1Pj",160,12,143,"Palm Beach, FL",1,1,0,641
170,1108330274235039746,2017 Australia 1 oz Gold Lunar Rooster BU https://t.co/gKYMYDe1pI via @AmericanGoldSPP,2019-03-20 11:31:43,0,0,Twitter Web Client,785974295709167617,AmericanGoldSPP,American Gold Silver,2016-10-11 22:44:09,"A Reliable Conduit For Owning, Buying & Selling Gold, Silver & Precious Metals. Explore Our Great Collection Of Precious Metals Online @ https://t.co/gWIXlwh1Pj",160,12,143,"Palm Beach, FL",1,0,1,641
171,1107893096824688640,1 gram Palladium Bar - PAMP Suisse (In Assay) https://t.co/7Y4N2EMi2B via @AmericanGoldSPP,2019-03-19 06:34:32,0,0,Twitter for iPhone,785974295709167617,AmericanGoldSPP,American Gold Silver,2016-10-11 22:44:09,"A Reliable Conduit For Owning, Buying & Selling Gold, Silver & Precious Metals. Explore Our Great Collection Of Precious Metals Online @ https://t.co/gWIXlwh1Pj",160,12,143,"Palm Beach, FL",1,0,1,641
172,1106880711909359616,BACK IN STOCK- 10 gram Palladium Bar - PAMP Suisse (In Assay) https://t.co/FbcBNCGPmE via @AmericanGoldSPP,2019-03-16 11:31:41,0,0,Twitter Web Client,785974295709167617,AmericanGoldSPP,American Gold Silver,2016-10-11 22:44:09,"A Reliable Conduit For Owning, Buying & Selling Gold, Silver & Precious Metals. Explore Our Great Collection Of Precious Metals Online @ https://t.co/gWIXlwh1Pj",160,12,143,"Palm Beach, FL",1,0,1,641
173,1106880531843768320,10 gram Palladium Bar - PAMP Suisse (In Assay) https://t.co/FbcBNCGPmE via #AmericanGoldSPP,2019-03-16 11:30:58,0,0,Twitter Web Client,785974295709167617,AmericanGoldSPP,American Gold Silver,2016-10-11 22:44:09,"A Reliable Conduit For Owning, Buying & Selling Gold, Silver & Precious Metals. Explore Our Great Collection Of Precious Metals Online @ https://t.co/gWIXlwh1Pj",160,12,143,"Palm Beach, FL",1,1,0,641
174,1106621696679784450,"#AmericanGoldSPP
 Join Our American Gold | SPP Instagram Team.
 https://t.co/cNmfet2pSJ https://t.co/Ow8gEAV50A",2019-03-15 18:22:27,0,0,Twitter Web Client,785974295709167617,AmericanGoldSPP,American Gold Silver,2016-10-11 22:44:09,"A Reliable Conduit For Owning, Buying & Selling Gold, Silver & Precious Metals. Explore Our Great Collection Of Precious Metals Online @ https://t.co/gWIXlwh1Pj",160,12,143,"Palm Beach, FL",2,1,0,641
175,1106192316652576770,1/10 oz Silver Round - Buffalo https://t.co/SY49LZMREj via @AmericanGoldSPP,2019-03-14 13:56:15,0,0,Twitter Web Client,785974295709167617,AmericanGoldSPP,American Gold Silver,2016-10-11 22:44:09,"A Reliable Conduit For Owning, Buying & Selling Gold, Silver & Precious Metals. Explore Our Great Collection Of Precious Metals Online @ https://t.co/gWIXlwh1Pj",160,12,143,"Palm Beach, FL",1,0,1,641
176,1106170168311513089,2019-W Silver American Eagle PF-70 NGC (Early Releases) https://t.co/8hhlm7MMd6 via #AmericanGoldSPP,2019-03-14 12:28:14,0,0,Twitter Web Client,785974295709167617,AmericanGoldSPP,American Gold Silver,2016-10-11 22:44:09,"A Reliable Conduit For Owning, Buying & Selling Gold, Silver & Precious Metals. Explore Our Great Collection Of Precious Metals Online @ https://t.co/gWIXlwh1Pj",160,12,143,"Palm Beach, FL",1,1,0,641
177,1106166758619131905,2019-W Silver American Eagle PF-70 NGC (Early Releases) https://t.co/8hhlm7MMd6 via @AmericanGoldSPP,2019-03-14 12:14:41,0,0,Twitter Web Client,785974295709167617,AmericanGoldSPP,American Gold Silver,2016-10-11 22:44:09,"A Reliable Conduit For Owning, Buying & Selling Gold, Silver & Precious Metals. Explore Our Great Collection Of Precious Metals Online @ https://t.co/gWIXlwh1Pj",160,12,143,"Palm Beach, FL",1,0,1,641
178,1105856726635610112,2019 Silver American Eagle MS-70 NGC (Early Releases) https://t.co/nrm9j30xrz via @AmericanGoldSPP,2019-03-13 15:42:44,0,0,Twitter Web Client,785974295709167617,AmericanGoldSPP,American Gold Silver,2016-10-11 22:44:09,"A Reliable Conduit For Owning, Buying & Selling Gold, Silver & Precious Metals. Explore Our Great Collection Of Precious Metals Online @ https://t.co/gWIXlwh1Pj",160,12,143,"Palm Beach, FL",1,0,1,641
179,1105650963140866048,1/4 oz Platinum American Eagle BU (Random Year) https://t.co/yefZa1xnhB via @AmericanGoldSPP,2019-03-13 02:05:06,0,0,Twitter Web Client,785974295709167617,AmericanGoldSPP,American Gold Silver,2016-10-11 22:44:09,"A Reliable Conduit For Owning, Buying & Selling Gold, Silver & Precious Metals. Explore Our Great Collection Of Precious Metals Online @ https://t.co/gWIXlwh1Pj",160,12,143,"Palm Beach, FL",1,0,1,641
180,1120295799668256769,"RT @CofCBaseball: â˜‘ï¸MLB Debut
â˜‘ï¸First Save
â˜‘ï¸First Hit
â˜‘ï¸MLB history

Congratulations to former Cougar, Taylor Clarke (@t_clarke9), who madâ€¦",2019-04-22 11:58:27,13,0,Twitter for iPhone,43606177,BSherSB,Barb Sherwood,2009-05-30 22:26:50,,0,953,249,,0,0,1,6308
181,1119774513997152256,"RT @CofCSoftball: When youâ€™re out of town on Easter, you have a team Easter egg hunt. https://t.co/GXBx8HZ4qb",2019-04-21 01:27:03,2,0,Twitter for iPhone,43606177,BSherSB,Barb Sherwood,2009-05-30 22:26:50,,0,953,249,,1,0,1,6308
182,1118306141744836608,"RT @CofCSoftball: Final | CofC 5, CSU 4 | Madi Brown makes a diving catch in right with the tying run at second to save a one-run win and aâ€¦",2019-04-17 00:12:15,8,0,Twitter for iPhone,43606177,BSherSB,Barb Sherwood,2009-05-30 22:26:50,,0,953,249,,0,0,1,6308
183,1117870669432119296,NeVerforgeT https://t.co/bT2ivMouCy,2019-04-15 19:21:51,0,5,Twitter for iPhone,43606177,BSherSB,Barb Sherwood,2009-05-30 22:26:50,,0,953,249,,1,0,0,6308
184,1117870118069948418,"RT @espnW: 52 years ago, Kathrine Switzer became the 1st woman to officially run the #BostonMarathon, despite the race director trying to gâ€¦",2019-04-15 19:19:39,1164,0,Twitter for iPhone,43606177,BSherSB,Barb Sherwood,2009-05-30 22:26:50,,0,953,249,,0,1,1,6308
185,1117870074717544448,RT @MLB: #Jackie42 forever. https://t.co/S3cKN4lMtt,2019-04-15 19:19:29,13787,0,Twitter for iPhone,43606177,BSherSB,Barb Sherwood,2009-05-30 22:26:50,,0,953,249,,1,1,1,6308
186,1117633759908630529,"Congratulations, big guy!! https://t.co/vftrhSo3jw",2019-04-15 03:40:27,0,3,Twitter for iPhone,43606177,BSherSB,Barb Sherwood,2009-05-30 22:26:50,,0,953,249,,1,0,0,6308
187,1117537783999094785,RT @CofCSports: Alondra Vicary shines with a home run and five RBI in series clinching win at Towson https://t.co/cFpU4HsGr2,2019-04-14 21:19:05,7,0,Twitter for iPhone,43606177,BSherSB,Barb Sherwood,2009-05-30 22:26:50,,0,953,249,,1,0,1,6308
188,1117537762729656328,RT @CofCSoftball: When we (as the visiting team) are asked for autographs #fortheloveofthegame https://t.co/v7Lrtoiy4I,2019-04-14 21:19:00,6,0,Twitter for iPhone,43606177,BSherSB,Barb Sherwood,2009-05-30 22:26:50,,0,953,249,,1,1,1,6308
189,1117243308152172546,Congratulations! https://t.co/xIxxYlhYgC,2019-04-14 01:48:56,0,1,Twitter for iPhone,43606177,BSherSB,Barb Sherwood,2009-05-30 22:26:50,,0,953,249,,1,0,0,6308
190,1117204065853767680,Amazing accomplishment! Congratulations! https://t.co/fWDkqjt2j0,2019-04-13 23:13:00,0,2,Twitter for iPhone,43606177,BSherSB,Barb Sherwood,2009-05-30 22:26:50,,0,953,249,,1,0,0,6308
191,1116889795664535552,"Congratulations, BP!! https://t.co/hck7EM4mzM",2019-04-13 02:24:12,0,1,Twitter for iPhone,43606177,BSherSB,Barb Sherwood,2009-05-30 22:26:50,,0,953,249,,1,0,0,6308
192,1116861362314063872,"RT @CofCSoftball: Lastly, from the â€œEdge of Americaâ€ on the east coast, to this group from the west coast. This crew is from the Golden Staâ€¦",2019-04-13 00:31:13,10,0,Twitter for iPhone,43606177,BSherSB,Barb Sherwood,2009-05-30 22:26:50,,0,953,249,,0,0,1,6308
193,1116861347910823936,"RT @CofCSoftball: Heading up north, although a resident of SC now, from the Garden State of NJ..... #WWIImemorial @CofCSports https://t.co/â€¦",2019-04-13 00:31:10,1,0,Twitter for iPhone,43606177,BSherSB,Barb Sherwood,2009-05-30 22:26:50,,0,953,249,,1,1,2,6308
194,1116861335080402944,"RT @CofCSoftball: Staying down south one more time, from the Dixie State of Alabama....... #WWIImemorial @CofCSports https://t.co/Pa9whKTcfg",2019-04-13 00:31:07,2,0,Twitter for iPhone,43606177,BSherSB,Barb Sherwood,2009-05-30 22:26:50,,0,953,249,,1,1,2,6308
195,1116861312037003265,"RT @CofCSoftball: Staying down south, we have our women from Georgia, the Peach State. #WWIImemorial @CofCSports https://t.co/To2fIPZrIc",2019-04-13 00:31:01,4,0,Twitter for iPhone,43606177,BSherSB,Barb Sherwood,2009-05-30 22:26:50,,0,953,249,,1,1,2,6308
196,1116861298384560128,"RT @CofCSoftball: What states are the Cougs from youâ€™re wondering....... the first one of course, is South Carolina, the Palmetto State! #Wâ€¦",2019-04-13 00:30:58,2,0,Twitter for iPhone,43606177,BSherSB,Barb Sherwood,2009-05-30 22:26:50,,0,953,249,,0,1,1,6308
197,1116861253085990912,RT @CofCSoftball: An adventurous couple of â€œteam timeâ€ hours at our nationâ€™s capital. The @CAASports allows us to visit so many cool placesâ€¦,2019-04-13 00:30:47,4,0,Twitter for iPhone,43606177,BSherSB,Barb Sherwood,2009-05-30 22:26:50,,0,953,249,,0,0,2,6308
198,1116831881926983680,A day in the nationâ€™s capital https://t.co/3vFkc6yKo6,2019-04-12 22:34:05,0,23,Twitter for iPhone,43606177,BSherSB,Barb Sherwood,2009-05-30 22:26:50,,0,953,249,,1,0,0,6308
199,1116321701925720064,â¤ï¸ğŸ’¯ https://t.co/47YQiMqjpq,2019-04-11 12:46:48,9,29,Twitter for iPhone,43606177,BSherSB,Barb Sherwood,2009-05-30 22:26:50,,0,953,249,,1,0,0,6308
200,1116054769087467522,"Congratulations, Madi!! @madibrownnn https://t.co/MPskpmoGnU",2019-04-10 19:06:06,0,19,Twitter for iPhone,43606177,BSherSB,Barb Sherwood,2009-05-30 22:26:50,,0,953,249,,1,0,1,6308
201,1115997631216590848,Congratulations to this big time duo! https://t.co/jO3wcBAaaE,2019-04-10 15:19:04,0,1,Twitter for iPhone,43606177,BSherSB,Barb Sherwood,2009-05-30 22:26:50,,0,953,249,,1,0,0,6308
202,1115994061306048512,RT @thesecret: Appreciation for what you have attracts the happier and better things in life to you.,2019-04-10 15:04:53,945,0,Twitter for iPhone,43606177,BSherSB,Barb Sherwood,2009-05-30 22:26:50,,0,953,249,,0,0,1,6308
203,1115652881477263360,Love you and thankful for u! https://t.co/pY5FVftCfF,2019-04-09 16:29:09,0,8,Twitter for iPhone,43606177,BSherSB,Barb Sherwood,2009-05-30 22:26:50,,0,953,249,,1,0,0,6308
204,1115574783482187776,"RT @xanbarksdale: Every single day you should:

1. Improve your mind. (Read, study, have deep conversation)
2. Improve your body. (Workout,â€¦",2019-04-09 11:18:49,111,0,Twitter for iPhone,43606177,BSherSB,Barb Sherwood,2009-05-30 22:26:50,,0,953,249,,0,0,1,6308
205,1113922283591098369,Youâ€™re amazing! Youâ€™ve got this!! https://t.co/rWp5D838JI,2019-04-04 21:52:22,0,3,Twitter for iPhone,43606177,BSherSB,Barb Sherwood,2009-05-30 22:26:50,,0,953,249,,1,0,0,6308
206,1111701068637978626,"RT @CofCSoftball: When in Philly, u have to get cheesesteaks https://t.co/71dnYq3XdY",2019-03-29 18:46:03,6,0,Twitter for iPhone,43606177,BSherSB,Barb Sherwood,2009-05-30 22:26:50,,0,953,249,,1,0,1,6308
207,1111700276195545096,"RT @CofCSoftball: Philly, weâ€™re coming for u! https://t.co/tPSnHzjfso",2019-03-29 18:42:54,2,0,Twitter for iPhone,43606177,BSherSB,Barb Sherwood,2009-05-30 22:26:50,,0,953,249,,1,0,1,6308
208,1111383795968557056,@coachbriggze Happy Birthday!!,2019-03-28 21:45:20,0,3,Twitter for iPhone,43606177,BSherSB,Barb Sherwood,2009-05-30 22:26:50,,0,953,249,,0,0,1,6308
209,1111383079841488896,Yes! Yes! Yes! https://t.co/Lx4qPlpIRa,2019-03-28 21:42:29,0,14,Twitter for iPhone,43606177,BSherSB,Barb Sherwood,2009-05-30 22:26:50,,0,953,249,,1,0,0,6308
